"dateTime","maxTemp","minTemp","avgTemp","tempDept","relHum","dewPoint","wetBulbTemp","heatDays","coolDays","sunrise","sunset","weatherType","precip","snow","snowDepth","stnPressure","seaPressure","windSpeed","windPeakSpeed","windPeakDir","windSusSpeed","windSusDir"
"2016-01-01T00:00:00",29,24,26,1.5,76,20,24,39,0,809,1715,"SN,BR","0.04","0.7","1",29.14,30.11,15.539,31,250,24,260
"2016-01-02T00:00:00",35,28,32,7.7,71,22,28,33,0,809,1716,"","0.00","0.0","1",29.02,29.97,14.614,30,230,23,230
"2016-01-03T00:00:00",33,25,29,4.8,66,20,27,36,0,809,1717,"SN","T","T","1",29.03,30.04,9.986,30,290,23,290
"2016-01-04T00:00:00",27,7,17,-7.1,78,13,18,48,0,809,1718,"SN,BR","T","0.2","1",29.4,30.45,7.742,21,40,17,30
"2016-01-05T00:00:00",29,8,18,-5.9,69,10,17,47,0,809,1719,"","0.00","0.0","1",29.58,30.56,7.586,21,210,16,200
"2016-01-06T00:00:00",36,20,28,4.2,63,16,23,37,0,809,1720,"","0.00","0.0","1",29.38,NA,7.601,20,200,15,210
"2016-01-07T00:00:00",42,28,35,11.3,59,21,29,30,0,809,1721,"","0.00","0.0","1",29.22,30.17,4.823,13,140,12,150
"2016-01-08T00:00:00",39,30,34,10.4,80,30,34,31,0,809,1722,"RA,BR","0.15","0.0","T",28.97,29.9,6.72,15,160,12,160
"2016-01-09T00:00:00",42,38,40,16.5,96,40,41,25,0,809,1723,"RA,FG,BR","0.53","0.0","T",28.84,29.77,7.294,17,220,13,220
"2016-01-10T00:00:00",38,16,27,3.5,78,18,23,38,0,808,1724,"RA,SN,BR,UP,BLSN","0.18","1.0","T",28.71,29.71,17.758,42,300,31,320
"2016-01-11T00:00:00",16,10,13,-10.4,75,6,11,52,0,808,1725,"SN,BR,BLSN","0.08","1.7","2",29,29.98,12.216,28,270,24,270
"2016-01-12T00:00:00",23,13,18,-5.3,75,11,16,47,0,808,1726,"SN,FZFG,BR,UP,HZ,BLSN,FG","0.08","1.6","4",28.79,29.76,18.197,36,270,28,270
"2016-01-13T00:00:00",18,12,15,-8.3,76,8,12,50,0,807,1727,"SN,BR,HZ","0.03","0.5","4",29.05,30,13.169,25,230,22,230
"2016-01-14T00:00:00",34,18,26,2.8,81,21,24,39,0,807,1729,"SN,BR,HZ","T","T","5",28.8,29.76,5.63,22,230,17,230
"2016-01-15T00:00:00",42,22,32,8.8,85,33,35,33,0,806,1730,"RA,FZFG,BR,FG","0.05","0.0","3",28.55,29.47,10.161,25,270,21,270
"2016-01-16T00:00:00",33,26,30,6.8,71,20,26,35,0,806,1731,"SN","T","T","T",28.74,29.74,13.801,29,290,21,300
"2016-01-17T00:00:00",26,9,18,-5.1,70,5,11,47,0,805,1732,"SN","T","T","T",28.94,29.94,15.475,31,280,24,270
"2016-01-18T00:00:00",15,7,11,-12.1,73,4,10,54,0,805,1733,"SN,BR,UP","0.01","0.2","T",29.13,30.15,13.118,31,290,25,290
"2016-01-19T00:00:00",21,5,13,-10.1,71,6,12,52,0,804,1735,"SN,HZ","T","T","T",29.4,30.42,7.612,19,270,14,270
"2016-01-20T00:00:00",22,12,17,-6.1,76,9,14,48,0,804,1736,"SN,BR,HZ","T","T","T",29.32,30.3,4.423,11,240,8,280
"2016-01-21T00:00:00",26,12,19,-4.1,81,17,20,46,0,803,1737,"SN,BR,HZ","0.01","0.1","T",29.35,30.35,5.519,17,260,13,250
"2016-01-22T00:00:00",29,18,24,0.9,76,17,22,41,0,802,1738,"BR,HZ","T","T","T",29.31,30.29,6.163,17,40,15,50
"2016-01-23T00:00:00",26,17,22,-1.1,78,16,21,43,0,801,1740,"SN,BR","T","0.1","T",29.21,30.18,6.254,20,30,15,40
"2016-01-24T00:00:00",32,15,24,0.9,74,19,24,41,0,801,1741,"HZ","0.00","0.0","T",29.05,30.02,8.324,26,220,21,220
"2016-01-25T00:00:00",40,26,33,9.8,75,26,31,32,0,800,1742,"RA,BR,UP,HZ","0.02","0.0","T",28.96,29.89,10.835,24,180,18,190
"2016-01-26T00:00:00",43,29,36,12.8,82,30,33,29,0,759,1743,"RA,SN,BR,UP,HZ","0.10","1.4","0",28.87,29.86,18.198,36,250,30,240
"2016-01-27T00:00:00",29,24,26,2.7,76,21,25,39,0,758,1745,"SN,BR","0.01","0.2","2",29.15,30.1,13.338,30,190,24,180
"2016-01-28T00:00:00",34,26,30,6.7,77,24,28,35,0,757,1746,"SN,BR,UP,HZ","0.04","0.1","1",28.71,29.65,14.067,32,200,23,220
"2016-01-29T00:00:00",29,20,24,0.6,62,13,21,41,0,756,1747,"SN","T","T","1",28.92,29.9,10.675,31,310,22,310
"2016-01-30T00:00:00",47,29,38,14.5,69,28,34,27,0,755,1749,"","0.00","0.0","1",28.76,29.7,10.775,28,200,22,200
"2016-01-31T00:00:00",49,38,44,20.5,87,40,42,21,0,754,1750,"RA,BR","0.12","0.0","0",28.67,29.61,9.964,26,280,21,260
"2016-02-01T00:00:00",44,25,34,10.4,75,30,NA,31,0,753,1751,"BR,UP,HZ","T","0.0","0",29,NA,6.221,24,270,17,290
"2016-02-02T00:00:00",39,23,31,7.3,80,26,NA,34,0,752,1753,"RA,PL,FZFG,BR,UP,FG","0.43","T","0",29.11,NA,8.5,34,90,25,100
"2016-02-03T00:00:00",44,31,38,14.2,85,34,NA,27,0,751,1754,"RA,SN,FG,BR","0.07","0.1","0",28.65,NA,13.48,39,210,32,220
"2016-02-04T00:00:00",32,20,26,2.1,80,24,NA,39,0,750,1755,"FZRA,SN,BR,UP","0.12","2.2","1",29.15,NA,7.879,20,260,17,270
"2016-02-05T00:00:00",35,18,26,1.9,72,22,NA,39,0,749,1757,"SN,BR","0.01","0.2","2",29.34,NA,7.341,16,280,13,270
"2016-02-06T00:00:00",37,20,28,3.8,66,20,NA,37,0,748,1758,"BR,HZ","0.00","0.0","1",29.28,NA,9.432,25,240,21,210
"2016-02-07T00:00:00",47,32,40,15.7,63,28,NA,25,0,746,1759,"","0.00","0.0","0",28.94,NA,11.353,30,210,23,200
"2016-02-08T00:00:00",40,29,34,9.5,76,28,NA,31,0,745,1801,"SN","T","T","0",28.69,NA,6.849,17,290,14,300
"2016-02-09T00:00:00",33,22,28,3.4,80,24,NA,37,0,744,1802,"SN,BR","0.07","0.8","1",28.69,NA,12.904,27,300,20,290
"2016-02-10T00:00:00",22,11,16,-8.8,65,9,NA,49,0,743,1803,"SN,HZ","0.01","0.2","1",28.9,NA,13.795,28,290,24,300
"2016-02-11T00:00:00",23,10,16,-9,62,5,NA,49,0,741,1805,"","0.00","T","1",29.21,NA,8.872,24,300,18,310
"2016-02-12T00:00:00",22,6,14,-11.1,70,9,NA,51,0,740,1806,"SN,UP","0.02","0.4","1",29.13,NA,14.528,33,310,25,310
"2016-02-13T00:00:00",15,2,8,-17.3,65,-2,NA,57,0,739,1807,"","T","T","2",29.44,NA,9.535,29,300,22,300
"2016-02-14T00:00:00",18,0,9,-16.5,70,1,NA,56,0,737,1809,"SN","T","T","2",29.41,NA,8.149,24,130,18,140
"2016-02-15T00:00:00",26,15,20,-5.7,83,16,NA,45,0,736,1810,"SN,BR","0.02","0.2","2",29.02,NA,6.908,19,130,15,130
"2016-02-16T00:00:00",29,25,27,1.1,84,23,NA,38,0,734,1811,"SN,BR,HZ","0.06","1.2","2",28.87,NA,3.833,13,290,12,290
"2016-02-17T00:00:00",30,11,20,-6.2,69,18,NA,45,0,733,1812,"SN,BR","T","T","3",29.16,NA,5.884,19,300,16,320
"2016-02-18T00:00:00",34,4,19,-7.4,68,13,NA,46,0,732,1814,"","0.00","0.0","2",29.44,NA,10.652,30,140,22,160
"2016-02-19T00:00:00",60,33,46,19.4,60,33,NA,19,0,730,1815,"","T","T","1",28.82,NA,24.586,61,230,47,240
"2016-02-20T00:00:00",54,38,46,19.1,54,31,NA,19,0,729,1816,"","0.00","0.0","0",28.84,NA,15.819,40,260,31,250
"2016-02-21T00:00:00",41,32,36,8.9,75,30,NA,29,0,727,1818,"","0.00","0.0","0",29.1,NA,6.278,19,40,15,30
"2016-02-22T00:00:00",40,29,34,6.6,70,23,NA,31,0,726,1819,"","0.00","0.0","0",29.23,NA,7.996,21,130,17,130
"2016-02-23T00:00:00",45,22,34,6.3,60,20,NA,31,0,724,1820,"","0.00","0.0","0",29.2,NA,6.532,15,110,13,100
"2016-02-24T00:00:00",32,28,30,2.1,85,27,NA,35,0,723,1821,"SN,FG,FZFG,BR","0.65","7.0","0",28.73,NA,18.904,35,10,29,10
"2016-02-25T00:00:00",34,24,29,0.8,81,24,NA,36,0,721,1823,"SN,BR,UP","0.12","3.4","10",28.74,NA,16.542,33,310,25,310
"2016-02-26T00:00:00",32,18,25,-3.5,64,16,NA,40,0,719,1824,"","0.00","T","8",29.19,NA,8.783,21,270,17,270
"2016-02-27T00:00:00",44,25,34,5.2,63,24,NA,31,0,718,1825,"","0.00","0.0","8",28.98,NA,15.444,31,240,26,230
"2016-02-28T00:00:00",56,36,46,16.9,74,38,NA,19,0,716,1826,"RA,BR","0.13","0.0","6",28.66,NA,16.826,35,230,26,220
"2016-02-29T00:00:00",44,24,34,4.7,66,23,NA,31,0,715,1828,"SN,BR,UP","T","T","T",28.85,NA,16.212,46,270,36,260
"2016-03-01T00:00:00",24,19,22,-7.4,84,17,20,43,0,713,1829,"SN,FZFG,BR,FG,PL","0.59","7.2","2",28.94,29.9,13.109,35,330,24,330
"2016-03-02T00:00:00",27,11,19,-10.8,65,9,17,46,0,711,1830,"SN,BR","T","T","7",29.11,30.12,9.704,24,260,20,260
"2016-03-03T00:00:00",28,9,18,-12.1,78,14,19,47,0,710,1831,"SN,BR","0.04","0.7","7",29.18,30.16,3.653,12,40,10,30
"2016-03-04T00:00:00",34,5,20,-10.4,62,11,19,45,0,708,1833,"SN,FZFG,BR,FG","T","T","7",29.21,30.2,2.224,13,200,9,280
"2016-03-05T00:00:00",33,24,28,-2.8,84,24,27,37,0,706,1834,"SN,FZFG,BR,HZ,FG","0.09","1.0","8",29.16,30.15,5.352,13,140,10,140
"2016-03-06T00:00:00",41,14,28,-3.1,80,23,27,37,0,705,1835,"FZFG,BR,HZ,FG","0.00","0.0","8",29.25,30.19,8.217,25,190,21,190
"2016-03-07T00:00:00",58,41,50,18.5,65,37,43,15,0,703,1836,"","0.00","0.0","7",29,29.95,10.856,27,210,22,210
"2016-03-08T00:00:00",70,49,60,28.2,61,46,52,5,0,701,1837,"","0.00","0.0","T",29,29.94,11.984,32,210,25,210
"2016-03-09T00:00:00",68,56,62,29.8,72,52,56,3,0,659,1839,"RA","T","0.0","0",28.97,29.9,10.966,33,220,26,220
"2016-03-10T00:00:00",57,41,49,16.4,81,44,47,16,0,658,1840,"RA,BR","T","0.0","0",29.08,30.04,6.545,19,310,15,310
"2016-03-11T00:00:00",55,31,43,10.1,68,32,38,22,0,656,1841,"","0.00","0.0","0",29.36,30.34,4.134,18,170,14,170
"2016-03-12T00:00:00",59,29,44,10.7,71,36,41,21,0,654,1842,"FG,BR","0.00","0.0","0",29.24,30.17,2.548,13,180,10,190
"2016-03-13T00:00:00",49,44,46,12.3,85,41,44,19,0,653,1843,"RA,BR","1.01","0.0","0",28.99,29.9,9.167,23,110,17,110
"2016-03-14T00:00:00",52,45,48,13.9,89,46,48,17,0,651,1845,"RA,BR","0.04","0.0","0",28.74,29.7,7.281,17,250,14,270
"2016-03-15T00:00:00",57,41,49,14.5,81,43,45,16,0,649,1846,"RA,FG,BR","0.04","0.0","0",28.86,29.79,8.088,26,190,21,90
"2016-03-16T00:00:00",56,46,51,16.1,63,37,44,14,0,647,1847,"RA,BR","0.08","0.0","0",28.64,29.57,21.568,56,250,41,240
"2016-03-17T00:00:00",50,33,42,6.7,53,28,37,23,0,646,1848,"RA","T","0.0","0",28.83,29.79,15.861,43,270,33,260
"2016-03-18T00:00:00",48,29,38,2.3,73,28,33,27,0,644,1849,"","0.00","T","0",29.05,30.05,5.522,18,40,14,30
"2016-03-19T00:00:00",40,25,32,-4.1,61,20,28,33,0,642,1850,"","0.00","0.0","0",29.24,30.22,9.248,23,30,16,40
"2016-03-20T00:00:00",43,22,32,-4.5,57,18,27,33,0,640,1852,"","0.00","0.0","0",29.19,30.15,7.11,19,280,15,270
"2016-03-21T00:00:00",45,27,36,-0.9,51,18,30,29,0,639,1853,"","0.00","0.0","0",29.15,30.11,7.837,23,290,17,270
"2016-03-22T00:00:00",60,33,46,8.6,54,30,39,19,0,637,1854,"RA","T","0.0","0",28.92,29.83,7.65,26,220,21,230
"2016-03-23T00:00:00",47,33,40,2.2,88,33,35,25,0,635,1855,"RA,BR,UP","0.14","0.0","0",28.97,29.94,12.852,26,40,21,60
"2016-03-24T00:00:00",39,29,34,-4.2,93,33,34,31,0,633,1856,"RA,SN,BR,UP","0.64","T","0",28.71,29.64,10.202,23,350,18,330
"2016-03-25T00:00:00",44,26,35,-3.6,71,25,30,30,0,632,1857,"","0.00","T","0",29.03,30.05,6.511,22,320,16,320
"2016-03-26T00:00:00",52,26,39,-0.1,68,29,35,26,0,630,1859,"BR","0.00","0.0","0",29.26,30.23,7.517,17,150,14,150
"2016-03-27T00:00:00",70,34,52,12.5,62,37,44,13,0,628,1900,"RA","0.06","0.0","0",29.04,29.94,9.976,28,200,21,290
"2016-03-28T00:00:00",46,34,40,0.1,81,36,39,25,0,626,1901,"RA,BR","0.29","0.0","0",28.94,29.94,12.264,32,290,23,310
"2016-03-29T00:00:00",51,29,40,-0.3,59,25,34,25,0,624,1902,"","0.00","0.0","0",29.32,30.29,4.728,14,20,10,140
"2016-03-30T00:00:00",61,35,48,7.2,59,34,43,17,0,623,1903,"RA","0.06","0.0","0",29.04,29.92,13.501,34,190,25,190
"2016-03-31T00:00:00",63,43,53,11.8,85,51,53,12,0,621,1904,"TS,RA,BR","1.17","0.0","0",28.51,29.42,17.251,43,190,32,190
"2016-04-01T00:00:00",49,34,42,0.4,67,31,37,23,0,619,1905,"RA,BR","0.01","0.0","0",28.71,29.67,12.56,27,250,22,290
"2016-04-02T00:00:00",38,25,32,-10,75,25,29,33,0,618,1907,"SN,FG,FZFG,BR,UP,HZ","0.16","1.7","T",28.68,29.65,10.417,36,340,24,340
"2016-04-03T00:00:00",52,20,36,-6.5,69,24,30,29,0,616,1908,"RA,SN","0.04","T","1",28.92,29.86,10.894,27,180,21,190
"2016-04-04T00:00:00",33,24,28,-14.9,75,22,27,37,0,614,1909,"SN,BR,HZ","T","T","0",29.07,30.11,11.594,28,340,22,30
"2016-04-05T00:00:00",42,19,30,-13.3,56,16,26,35,0,612,1910,"HZ","0.01","T","0",29.44,30.4,6.828,29,130,22,130
"2016-04-06T00:00:00",47,32,40,-3.7,78,33,37,25,0,611,1911,"RA,BR,HZ","0.06","T","0",28.79,29.68,12.614,28,150,22,150
"2016-04-07T00:00:00",39,31,35,-9.2,84,30,33,30,0,609,1912,"RA,SN,FG,BR","0.18","0.2","0",28.59,29.57,10.683,29,320,22,310
"2016-04-08T00:00:00",40,26,33,-11.6,74,24,29,32,0,607,1913,"SN,FG,BR,HZ","0.25","4.7","0",28.82,29.78,7.886,27,40,22,40
"2016-04-09T00:00:00",32,23,28,-17,58,14,23,37,0,606,1915,"SN,FZFG,BR,UP,FG","0.02","0.2","4",29.13,30.15,9.448,29,20,21,20
"2016-04-10T00:00:00",41,27,34,-11.4,80,26,30,31,0,604,1916,"RA,FZRA,SN,BR,HZ","0.57","0.7","T",29.08,30,13.764,31,160,25,160
"2016-04-11T00:00:00",53,34,44,-1.8,70,35,41,21,0,602,1917,"RA,BR,HZ","0.03","0.0","0",28.88,29.86,13.111,37,300,29,290
"2016-04-12T00:00:00",47,30,38,-8.2,57,24,33,27,0,601,1918,"","0.00","0.0","0",29.3,30.3,7.095,22,320,17,350
"2016-04-13T00:00:00",53,29,41,-5.6,55,27,36,24,0,559,1919,"","0.00","0.0","0",29.41,30.38,6.884,18,150,15,140
"2016-04-14T00:00:00",60,31,46,-1,51,28,38,19,0,557,1920,"","0.00","0.0","0",29.38,30.34,6.5,19,100,15,90
"2016-04-15T00:00:00",70,33,52,4.6,47,31,43,13,0,556,1921,"","0.00","0.0","0",29.34,30.3,5.601,20,120,15,140
"2016-04-16T00:00:00",76,40,58,10.3,40,34,48,7,0,554,1923,"","0.00","0.0","0",29.41,30.36,6.122,19,160,13,120
"2016-04-17T00:00:00",78,41,60,11.9,41,36,50,5,0,552,1924,"","0.00","0.0","0",29.46,30.4,2.901,12,110,9,110
"2016-04-18T00:00:00",81,50,66,17.5,43,42,53,0,1,551,1925,"","0.00","0.0","0",29.35,30.28,7.101,25,50,18,50
"2016-04-19T00:00:00",62,43,52,3.1,62,37,44,13,0,549,1926,"RA","0.01","0.0","0",29.34,30.3,9.954,25,40,18,50
"2016-04-20T00:00:00",68,45,56,6.8,38,30,45,9,0,548,1927,"","T","0.0","0",29.25,30.17,9.958,25,140,20,130
"2016-04-21T00:00:00",62,48,55,5.4,85,50,52,10,0,546,1928,"RA,BR","0.25","0.0","0",28.96,29.87,6.937,22,200,16,200
"2016-04-22T00:00:00",57,41,49,-0.9,86,48,50,16,0,545,1929,"RA,FG,BR","T","0.0","0",29.01,29.98,8.166,18,20,15,40
"2016-04-23T00:00:00",58,34,46,-4.3,56,31,40,19,0,543,1931,"","0.00","0.0","0",29.23,30.18,5.667,20,40,13,40
"2016-04-24T00:00:00",68,40,54,3.4,46,33,45,11,0,542,1932,"","0.00","0.0","0",29.12,30.04,8.102,20,130,15,140
"2016-04-25T00:00:00",79,46,62,11,55,43,51,3,0,540,1933,"TS,RA,BR","0.20","0.0","0",28.89,29.79,10.382,37,310,28,310
"2016-04-26T00:00:00",51,36,44,-7.3,88,40,41,21,0,539,1934,"TS,RA,FG,BR","0.02","0.0","0",28.9,29.86,9.472,24,40,18,60
"2016-04-27T00:00:00",60,33,46,-5.7,51,29,39,19,0,537,1935,"","0.00","0.0","0",29.04,29.99,10.11,27,60,21,70
"2016-04-28T00:00:00",47,38,42,-10,70,31,38,23,0,536,1936,"RA,BR","0.31","0.0","0",29.05,30,9.186,20,80,15,70
"2016-04-29T00:00:00",51,40,46,-6.3,75,37,41,19,0,534,1937,"RA","0.02","0.0","0",29.15,30.11,6.089,17,50,14,40
"2016-04-30T00:00:00",56,36,46,-6.6,73,38,43,19,0,533,1939,"RA,BR","0.43","0.0","0",29.17,30.1,8.093,24,120,16,50
"2016-05-01T00:00:00",51,43,47,-6,90,43,45,18,0,532,1940,"RA,BR","0.06","0.0","0",29.05,30,10.28,22,70,17,70
"2016-05-02T00:00:00",55,42,48,-5.3,80,41,45,17,0,530,1941,"RA,BR","0.37","0.0","0",29.08,30.03,6.091,21,30,16,20
"2016-05-03T00:00:00",66,36,51,-2.6,55,37,46,14,0,529,1942,"RA,BR","0.02","0.0","0",28.95,29.87,6.799,22,240,18,250
"2016-05-04T00:00:00",54,47,50,-3.9,83,45,48,15,0,528,1943,"TS,RA,BR","0.43","0.0","0",28.68,29.62,9.631,27,60,20,50
"2016-05-05T00:00:00",67,45,56,1.8,70,44,49,9,0,526,1944,"","0.00","0.0","0",28.94,29.89,8.246,24,30,17,30
"2016-05-06T00:00:00",72,41,56,1.5,55,40,49,9,0,525,1945,"","0.00","0.0","0",28.98,29.9,2.487,14,250,10,240
"2016-05-07T00:00:00",72,47,60,5.1,50,41,51,5,0,524,1946,"","T","0.0","0",28.77,29.7,8.756,28,330,21,330
"2016-05-08T00:00:00",67,37,52,-3.2,42,31,44,13,0,523,1948,"","0.00","0.0","0",28.97,29.92,8.241,40,270,24,270
"2016-05-09T00:00:00",67,37,52,-3.5,49,35,45,13,0,521,1949,"","0.00","0.0","0",29.11,30.07,7.096,23,120,16,150
"2016-05-10T00:00:00",54,48,51,-4.8,75,42,47,14,0,520,1950,"RA,BR","0.54","0.0","0",29.15,30.09,10.695,29,110,24,110
"2016-05-11T00:00:00",68,49,58,1.9,77,52,55,7,0,519,1951,"BR","0.00","0.0","0",29.15,30.08,5.493,17,90,13,100
"2016-05-12T00:00:00",73,56,64,7.6,85,58,60,1,0,518,1952,"TS,RA,FG,BR","0.62","0.0","0",29,29.91,9.035,25,280,20,290
"2016-05-13T00:00:00",64,50,57,0.3,69,46,51,8,0,517,1953,"RA","0.05","0.0","0",28.95,29.88,12.382,32,260,24,270
"2016-05-14T00:00:00",50,39,44,-13,72,35,40,21,0,516,1954,"RA,BR","0.56","0.0","0",28.87,29.84,13.802,36,300,26,300
"2016-05-15T00:00:00",48,33,40,-17.4,61,28,35,25,0,515,1955,"SN","T","T","0",29.08,30.06,10.915,32,290,24,300
"2016-05-16T00:00:00",68,38,53,-4.7,51,36,46,12,0,514,1956,"RA","0.01","0.0","0",29.14,30.09,13.411,37,110,26,260
"2016-05-17T00:00:00",64,45,54,-4,60,40,48,11,0,513,1957,"","T","0.0","0",29.25,30.19,7.269,17,30,13,40
"2016-05-18T00:00:00",66,38,52,-6.3,53,35,45,13,0,512,1958,"","0.00","0.0","0",29.28,30.23,5.784,22,40,16,30
"2016-05-19T00:00:00",71,40,56,-2.7,51,38,48,9,0,511,1959,"","0.00","0.0","0",29.26,30.2,2.216,15,10,10,320
"2016-05-20T00:00:00",70,43,56,-3,50,40,50,9,0,510,2000,"","0.00","0.0","0",29.24,30.18,5.602,19,50,14,50
"2016-05-21T00:00:00",74,51,62,2.7,52,43,52,3,0,509,2001,"","0.00","0.0","0",29.13,30.06,6.169,22,50,17,360
"2016-05-22T00:00:00",70,48,59,-0.6,53,43,52,6,0,509,2002,"","0.00","0.0","0",29.1,30.04,6.673,24,40,18,30
"2016-05-23T00:00:00",78,42,60,0,44,39,50,5,0,508,2003,"","0.00","0.0","0",29.1,30.03,2.364,14,190,10,200
"2016-05-24T00:00:00",84,49,66,5.7,43,46,57,0,1,507,2004,"","0.00","0.0","0",29.07,29.99,6.886,27,220,18,230
"2016-05-25T00:00:00",85,64,74,13.3,54,57,64,0,9,506,2005,"","0.00","0.0","0",29.07,29.99,8.782,22,210,15,170
"2016-05-26T00:00:00",84,63,74,13,71,63,67,0,9,506,2006,"TS,RA,BR","0.19","0.0","0",29,29.92,10.197,28,190,22,260
"2016-05-27T00:00:00",85,63,74,12.7,67,63,67,0,9,505,2007,"","0.00","0.0","0",29.01,29.93,6.32,22,190,17,230
"2016-05-28T00:00:00",86,67,76,14.3,68,63,68,0,11,504,2007,"RA,TS","0.13","0.0","0",29.05,29.97,9.738,37,200,28,210
"2016-05-29T00:00:00",84,64,74,12,64,61,66,0,9,504,2008,"RA","0.01","0.0","0",29.05,29.97,12.3,36,250,26,270
"2016-05-30T00:00:00",83,60,72,9.6,58,55,62,0,7,503,2009,"","0.00","0.0","0",29.06,29.98,6.605,23,280,16,310
"2016-05-31T00:00:00",83,53,68,5.3,56,52,59,0,3,503,2010,"","0.00","0.0","0",29.1,30.03,4.735,24,200,13,30
"2016-06-01T00:00:00",80,59,70,6.9,63,56,61,0,5,502,2011,"","T","0.0","0",29.07,29.98,5.559,21,130,16,150
"2016-06-02T00:00:00",80,57,68,4.6,57,52,60,0,3,502,2011,"","0.00","0.0","0",29.05,29.99,8.32,28,260,22,240
"2016-06-03T00:00:00",81,51,66,2.2,58,51,58,0,1,501,2012,"","0.00","0.0","0",29.11,30.05,2.769,13,260,10,320
"2016-06-04T00:00:00",83,57,70,5.9,68,57,62,0,5,501,2013,"RA,BR","0.07","0.0","0",28.97,29.85,8.7,27,180,22,160
"2016-06-05T00:00:00",70,60,65,0.5,77,58,61,0,0,501,2013,"TS,RA,BR","0.16","0.0","0",28.69,29.6,11.907,34,260,26,260
"2016-06-06T00:00:00",80,55,68,3.2,61,51,57,0,3,500,2014,"RA","0.01","0.0","0",28.7,29.63,12.738,38,270,31,270
"2016-06-07T00:00:00",63,48,56,-9.2,74,48,52,9,0,500,2015,"","0.00","0.0","0",28.82,29.77,10.496,23,300,17,290
"2016-06-08T00:00:00",69,45,57,-8.5,56,40,49,8,0,500,2015,"","0.00","0.0","0",29,29.96,8.718,27,290,18,300
"2016-06-09T00:00:00",71,44,58,-7.8,59,45,52,7,0,500,2016,"","T","0.0","0",29.1,30.04,3.527,23,230,18,230
"2016-06-10T00:00:00",86,54,70,3.8,57,57,63,0,5,500,2016,"","0.00","0.0","0",29.05,29.98,7.732,20,230,15,200
"2016-06-11T00:00:00",91,71,81,14.5,54,62,68,0,16,459,2017,"","0.00","0.0","0",28.97,29.89,12.134,32,260,24,260
"2016-06-12T00:00:00",81,56,68,1.2,40,40,54,0,3,459,2017,"","0.00","0.0","0",29.13,30.08,8.365,22,310,16,330
"2016-06-13T00:00:00",72,50,61,-6.1,60,48,54,4,0,459,2018,"RA","0.03","0.0","0",29.13,30.05,4.754,15,140,12,40
"2016-06-14T00:00:00",76,60,68,0.6,55,50,57,0,3,459,2018,"","0.00","0.0","0",29.05,29.97,9.309,23,140,20,130
"2016-06-15T00:00:00",87,62,74,6.3,64,58,64,0,9,459,2019,"TS,RA","0.03","0.0","0",28.9,29.79,6.387,20,150,17,140
"2016-06-16T00:00:00",71,62,66,-2,85,62,64,0,1,459,2019,"RA,BR","0.28","0.0","0",28.82,29.76,7.547,24,10,17,360
"2016-06-17T00:00:00",87,53,70,1.7,56,53,61,0,5,459,2019,"","0.00","0.0","0",29.1,30.05,4.289,21,110,15,100
"2016-06-18T00:00:00",90,56,73,4.5,48,52,61,0,8,500,2020,"","0.00","0.0","0",29.28,30.21,2.421,15,180,10,180
"2016-06-19T00:00:00",91,61,76,7.2,46,54,64,0,11,500,2020,"","0.00","0.0","0",29.28,30.2,6.574,23,230,17,220
"2016-06-20T00:00:00",90,65,78,8.9,56,62,68,0,13,500,2020,"TS,RA","T","0.0","0",29.08,29.99,14.41,37,260,28,260
"2016-06-21T00:00:00",81,53,67,-2.3,49,48,57,0,2,500,2020,"","0.00","0.0","0",29.01,29.92,8.148,32,280,23,290
"2016-06-22T00:00:00",84,54,69,-0.5,51,51,60,0,4,500,2020,"","0.00","0.0","0",28.97,29.89,3.527,17,280,13,280
"2016-06-23T00:00:00",78,59,68,-1.8,58,52,59,0,3,501,2021,"RA","T","0.0","0",28.96,29.9,7.524,25,60,20,50
"2016-06-24T00:00:00",85,53,69,-1,43,46,57,0,4,501,2021,"","0.00","0.0","0",29.14,30.08,3.528,16,90,13,80
"2016-06-25T00:00:00",89,60,74,3.8,44,51,62,0,9,501,2021,"","0.00","0.0","0",29.18,30.1,6.793,18,170,14,200
"2016-06-26T00:00:00",87,70,78,7.7,63,63,68,0,13,502,2021,"RA","0.01","0.0","0",29.07,29.98,10.667,27,270,22,270
"2016-06-27T00:00:00",90,65,78,7.5,54,57,65,0,13,502,2021,"","0.00","0.0","0",29.05,29.97,11.805,37,250,28,250
"2016-06-28T00:00:00",70,52,61,-9.7,66,50,55,4,0,503,2021,"","0.00","0.0","0",29.14,30.08,5.785,16,320,13,290
"2016-06-29T00:00:00",80,46,63,-7.8,51,44,54,2,0,503,2021,"","0.00","0.0","0",29.15,30.08,3.948,16,250,12,300
"2016-06-30T00:00:00",82,51,66,-5,47,46,56,0,1,504,2020,"","T","0.0","0",29.08,30,4.177,21,260,16,220
"2016-07-01T00:00:00",74,52,63,-8.1,65,52,57,2,0,504,2020,"RA,FG,BR","0.30","0.0","0",29.03,29.98,8.323,26,320,20,310
"2016-07-02T00:00:00",79,49,64,-7.2,56,47,55,1,0,505,2020,"","0.00","0.0","0",29.2,30.14,3.978,17,310,13,290
"2016-07-03T00:00:00",80,50,65,-6.3,51,48,57,0,0,505,2020,"","0.00","0.0","0",29.16,30.09,4.243,17,150,14,170
"2016-07-04T00:00:00",83,51,67,-4.4,59,55,61,0,2,506,2020,"","0.00","0.0","0",29.01,29.91,6.317,25,150,16,160
"2016-07-05T00:00:00",86,65,76,4.5,64,62,67,0,11,507,2019,"BR,HZ","0.00","0.0","0",28.95,29.87,7.827,24,290,20,260
"2016-07-06T00:00:00",88,67,78,6.5,63,62,67,0,13,507,2019,"","0.00","0.0","0",28.91,29.82,8.269,24,250,18,270
"2016-07-07T00:00:00",89,64,76,4.4,71,63,67,0,11,508,2019,"TS,RA,BR","0.42","0.0","0",28.92,29.82,4.613,32,270,26,300
"2016-07-08T00:00:00",90,66,78,6.4,69,64,68,0,13,509,2018,"TS,RA,FG,BR,HZ","0.73","0.0","0",28.87,29.78,8.596,63,270,48,280
"2016-07-09T00:00:00",80,62,71,-0.7,65,57,62,0,6,509,2018,"","0.00","0.0","0",28.97,29.92,8.532,23,300,18,300
"2016-07-10T00:00:00",83,56,70,-1.7,61,56,62,0,5,510,2017,"","0.00","0.0","0",29.11,30.04,2.276,16,270,12,300
"2016-07-11T00:00:00",86,63,74,2.3,62,62,67,0,9,511,2017,"RA","T","0.0","0",29.1,30,6.09,19,150,15,200
"2016-07-12T00:00:00",92,68,80,8.3,66,65,69,0,15,512,2016,"TS,RA,BR","0.27","0.0","0",28.97,29.88,12.288,48,300,36,300
"2016-07-13T00:00:00",87,69,78,6.3,76,68,71,0,13,512,2015,"TS,RA,BR","0.15","0.0","0",28.97,29.86,9.058,29,210,22,240
"2016-07-14T00:00:00",85,69,77,5.3,59,60,66,0,12,513,2015,"","0.00","0.0","0",28.88,29.8,14.098,35,260,28,240
"2016-07-15T00:00:00",77,62,70,-1.7,72,59,62,0,5,514,2014,"RA","T","0.0","0",29,29.95,8.598,21,290,16,290
"2016-07-16T00:00:00",77,56,66,-5.7,63,52,58,0,1,515,2013,"","0.00","0.0","0",29.18,30.11,4.353,14,270,10,290
"2016-07-17T00:00:00",87,53,70,-1.7,63,58,63,0,5,516,2013,"","0.00","0.0","0",29.12,30.04,12.449,36,180,30,190
"2016-07-18T00:00:00",86,66,76,4.3,58,60,67,0,11,517,2012,"","T","0.0","0",29.15,30.09,9.704,34,220,24,230
"2016-07-19T00:00:00",84,62,73,1.4,58,57,64,0,8,518,2011,"","T","0.0","0",29.28,30.21,5.597,19,10,14,10
"2016-07-20T00:00:00",91,62,76,4.4,54,59,66,0,11,519,2010,"","0.00","0.0","0",29.26,30.19,5.377,17,170,12,180
"2016-07-21T00:00:00",89,68,78,6.4,74,67,71,0,13,519,2009,"TS,RA,BR","0.41","0.0","0",29.15,30.03,9.979,40,320,30,300
"2016-07-22T00:00:00",91,73,82,10.5,65,68,73,0,17,520,2009,"","0.00","0.0","0",29.03,29.96,9.573,23,270,18,240
"2016-07-23T00:00:00",94,66,80,8.5,61,64,70,0,15,521,2008,"BR","0.00","0.0","0",29.05,29.97,3.458,15,140,12,140
"2016-07-24T00:00:00",87,70,78,6.5,79,70,73,0,13,522,2007,"TS,RA,BR","0.88","0.0","0",29,29.91,9.429,32,220,25,220
"2016-07-25T00:00:00",87,67,77,5.6,62,65,70,0,12,523,2006,"","0.00","0.0","0",29,29.93,8.886,22,270,17,270
"2016-07-26T00:00:00",87,61,74,2.6,64,62,67,0,9,524,2005,"","0.00","0.0","0",29.1,30.02,3.405,23,310,12,280
"2016-07-27T00:00:00",89,64,76,4.7,66,62,67,0,11,525,2004,"","0.00","0.0","0",29.07,29.98,4.918,32,360,24,360
"2016-07-28T00:00:00",86,63,74,2.7,73,63,67,0,9,526,2003,"TS,RA","0.04","0.0","0",29.01,29.92,5.517,29,350,21,350
"2016-07-29T00:00:00",79,64,72,0.8,69,60,64,0,7,527,2001,"RA","T","0.0","0",29.05,29.97,8.076,27,350,20,30
"2016-07-30T00:00:00",71,63,67,-4.2,84,62,64,0,2,528,2000,"TS,RA,BR","0.15","0.0","0",29.06,30,7.365,18,40,14,50
"2016-07-31T00:00:00",79,64,72,0.9,79,63,65,0,7,529,1959,"BR","0.00","0.0","0",29.1,30.03,4.892,15,320,12,20
"2016-08-01T00:00:00",84,59,72,0.9,66,59,64,0,7,530,1958,"BR","0.00","0.0","0",29.15,30.09,2.745,15,10,9,30
"2016-08-02T00:00:00",87,62,74,3,72,64,68,0,9,532,1957,"BR","0.00","0.0","0",29.16,30.09,2.91,12,50,10,70
"2016-08-03T00:00:00",92,64,78,7,60,63,68,0,13,533,1956,"","0.00","0.0","0",29.14,30.05,2.741,14,170,12,170
"2016-08-04T00:00:00",93,67,80,9.1,50,59,67,0,15,534,1954,"","0.00","0.0","0",29.07,29.97,5.747,20,230,14,180
"2016-08-05T00:00:00",90,66,78,7.1,62,64,69,0,13,535,1953,"","0.00","0.0","0",28.93,29.84,10.06,25,300,18,310
"2016-08-06T00:00:00",85,60,72,1.2,61,57,63,0,7,536,1952,"","0.00","0.0","0",29,29.93,5.256,19,270,13,290
"2016-08-07T00:00:00",83,59,71,0.3,59,55,61,0,6,537,1950,"","0.00","0.0","0",29.11,30.05,5.022,17,310,14,10
"2016-08-08T00:00:00",85,54,70,-0.7,57,53,60,0,5,538,1949,"","0.00","0.0","0",29.15,30.08,4.48,23,70,13,50
"2016-08-09T00:00:00",90,57,74,3.4,59,59,65,0,9,539,1948,"","0.00","0.0","0",29.1,30.02,3.688,21,250,15,220
"2016-08-10T00:00:00",93,63,78,7.5,58,62,68,0,13,540,1946,"","0.00","0.0","0",29.15,30.06,2.719,17,280,14,280
"2016-08-11T00:00:00",94,69,82,11.5,66,69,73,0,17,541,1945,"RA","T","0.0","0",29.06,29.95,8.514,24,250,21,250
"2016-08-12T00:00:00",91,74,82,11.6,82,72,74,0,17,542,1943,"TS,RA,BR","1.08","0.0","0",28.92,29.84,6.084,30,280,21,280
"2016-08-13T00:00:00",86,70,78,7.7,80,70,73,0,13,543,1942,"TS,RA,BR","0.88","0.0","0",28.87,29.79,10.361,27,250,22,260
"2016-08-14T00:00:00",83,66,74,3.8,75,65,68,0,9,544,1941,"FG,BR","0.00","0.0","0",29.08,30.02,3.596,14,250,10,260
"2016-08-15T00:00:00",82,63,72,1.9,78,65,68,0,7,545,1939,"RA,BR","1.34","0.0","0",29.18,30.11,3.827,18,140,15,150
"2016-08-16T00:00:00",83,69,76,6,77,66,69,0,11,547,1938,"RA,BR","1.76","0.0","0",29.05,29.97,9.169,23,190,18,210
"2016-08-17T00:00:00",84,66,75,5.1,78,65,68,0,10,548,1936,"TS,RA,BR","0.20","0.0","0",29.13,30.05,7.081,31,330,25,320
"2016-08-18T00:00:00",84,62,73,3.2,71,64,67,0,8,549,1934,"BR","0.00","0.0","0",29.13,30.04,4.584,15,220,12,200
"2016-08-19T00:00:00",82,68,75,5.3,75,66,69,0,10,550,1933,"BR","0.00","0.0","0",29,29.9,8.006,21,250,17,240
"2016-08-20T00:00:00",82,67,74,4.4,80,67,69,0,9,551,1931,"RA,BR","0.58","0.0","0",28.8,29.7,10.066,28,200,22,270
"2016-08-21T00:00:00",73,59,66,-3.4,75,57,61,0,1,552,1930,"","0.09","0.0","0",28.87,29.84,10.17,31,310,23,290
"2016-08-22T00:00:00",78,53,66,-3.3,65,53,58,0,1,553,1928,"","0.00","0.0","0",29.21,30.16,4.375,18,250,13,240
"2016-08-23T00:00:00",80,57,68,-1.1,64,56,62,0,3,554,1927,"","0.00","0.0","0",29.29,30.22,7.02,21,200,17,220
"2016-08-24T00:00:00",82,63,72,3.1,77,65,68,0,7,555,1925,"BR","T","0.0","0",29.11,30.02,10.039,26,180,21,190
"2016-08-25T00:00:00",83,63,73,4.2,78,67,69,0,8,556,1923,"TS,RA,BR","0.10","0.0","0",29.05,29.98,9.064,21,250,16,270
"2016-08-26T00:00:00",82,61,72,3.4,70,60,64,0,7,557,1922,"","0.00","0.0","0",29.18,30.13,4.066,20,270,14,260
"2016-08-27T00:00:00",78,62,70,1.6,85,65,66,0,5,558,1920,"TS,RA,BR","0.38","0.0","0",29.18,30.11,6.424,28,310,22,320
"2016-08-28T00:00:00",84,67,76,7.9,77,67,70,0,11,559,1918,"BR","0.00","0.0","0",29.23,30.17,4.948,21,280,13,290
"2016-08-29T00:00:00",85,61,73,5.1,74,64,67,0,8,601,1917,"BR,HZ","0.00","0.0","0",29.31,30.24,2.565,14,100,10,110
"2016-08-30T00:00:00",83,69,76,8.3,77,66,68,0,11,602,1915,"TS,RA,BR","0.05","0.0","0",29.2,30.11,5.495,18,260,15,270
"2016-08-31T00:00:00",77,61,69,1.6,72,61,65,0,4,603,1913,"TS,RA,BR,HZ","0.17","0.0","0",29.1,30.02,6.909,19,20,14,50
"2016-09-01T00:00:00",73,56,64,-3.2,71,54,58,1,0,604,1911,"","0.00","0.0","0",29.2,30.15,8.003,23,10,17,10
"2016-09-02T00:00:00",74,51,62,-4.9,70,52,57,3,0,605,1910,"","0.00","0.0","0",29.32,30.26,6.27,19,40,15,60
"2016-09-03T00:00:00",77,49,63,-3.6,72,53,57,2,0,606,1908,"","0.00","0.0","0",29.3,30.24,2.478,13,100,9,140
"2016-09-04T00:00:00",79,50,64,-2.3,68,55,59,1,0,607,1906,"FG,BR","0.00","0.0","0",29.29,30.23,4.171,16,130,13,210
"2016-09-05T00:00:00",85,60,72,6,65,61,66,0,7,608,1905,"","0.00","0.0","0",29.23,30.15,7.725,23,180,18,190
"2016-09-06T00:00:00",90,73,82,16.3,70,70,73,0,17,609,1903,"","0.00","0.0","0",29.15,30.05,10.609,23,240,20,210
"2016-09-07T00:00:00",86,70,78,12.7,82,71,73,0,13,610,1901,"TS,RA,BR","0.23","0.0","0",29.07,29.97,5.384,21,300,16,310
"2016-09-08T00:00:00",80,67,74,9,85,69,71,0,9,611,1859,"RA,BR","0.27","0.0","0",28.92,29.85,9.687,28,280,23,260
"2016-09-09T00:00:00",80,65,72,7.4,83,67,68,0,7,612,1857,"RA,FG,BR","0.04","0.0","0",29.03,29.95,3.399,13,190,10,140
"2016-09-10T00:00:00",73,58,66,1.7,82,61,64,0,1,613,1856,"RA,BR,HZ","0.22","0.0","0",28.9,29.83,10.744,39,270,32,260
"2016-09-11T00:00:00",72,53,62,-1.9,66,50,55,3,0,615,1854,"","0.00","0.0","0",29.21,30.17,4.309,12,310,9,260
"2016-09-12T00:00:00",76,54,65,1.5,64,52,58,0,0,616,1852,"","0.00","0.0","0",29.21,30.14,7.852,23,170,16,190
"2016-09-13T00:00:00",82,57,70,6.9,72,59,63,0,5,617,1850,"TS","0.00","0.0","0",29.13,30.06,7.442,27,100,16,230
"2016-09-14T00:00:00",73,56,64,1.3,70,53,58,1,0,618,1849,"RA","0.03","0.0","0",29.28,30.23,5.992,17,360,14,360
"2016-09-15T00:00:00",73,49,61,-1.3,67,49,54,4,0,619,1847,"","0.00","0.0","0",29.33,30.26,3.817,23,60,14,70
"2016-09-16T00:00:00",79,53,66,4.1,67,56,61,0,1,620,1845,"","0.00","0.0","0",29.15,30.06,9.44,21,180,16,150
"2016-09-17T00:00:00",78,64,71,9.5,83,64,66,0,6,621,1843,"RA,BR","0.64","0.0","0",28.98,29.9,8.589,20,220,16,250
"2016-09-18T00:00:00",78,57,68,6.9,77,59,62,0,3,622,1841,"BR","0.00","0.0","0",29.03,29.97,4.231,18,290,14,280
"2016-09-19T00:00:00",83,53,68,7.3,64,55,61,0,3,623,1840,"BR","0.00","0.0","0",29.1,30.03,6.196,21,200,17,200
"2016-09-20T00:00:00",82,57,70,9.7,60,54,61,0,5,624,1838,"RA","T","0.0","0",29.21,30.15,3.205,18,310,14,310
"2016-09-21T00:00:00",81,54,68,8.2,80,60,63,0,3,625,1836,"TS,RA,FG,BR","0.05","0.0","0",29.23,30.17,4.149,36,290,28,290
"2016-09-22T00:00:00",83,61,72,12.6,74,62,66,0,7,626,1834,"FG,BR","0.00","0.0","0",29.15,30.07,3.596,15,220,13,220
"2016-09-23T00:00:00",71,58,64,5,82,59,61,1,0,628,1832,"FG,BR,HZ","0.00","0.0","0",29.16,30.11,7.462,22,10,18,10
"2016-09-24T00:00:00",69,51,60,1.4,71,49,54,5,0,629,1831,"","0.00","0.0","0",29.29,30.24,6.706,18,60,14,60
"2016-09-25T00:00:00",75,49,62,3.9,62,49,55,3,0,630,1829,"","0.00","0.0","0",29.21,30.11,8.681,24,150,18,150
"2016-09-26T00:00:00",68,51,60,2.3,65,49,55,5,0,631,1827,"RA,BR","0.18","0.0","0",28.95,29.88,12.009,35,250,29,250
"2016-09-27T00:00:00",66,50,58,0.7,59,42,50,7,0,632,1825,"RA","T","0.0","0",28.84,29.77,12.358,36,250,28,260
"2016-09-28T00:00:00",66,48,57,0.1,77,49,52,8,0,633,1824,"RA","0.02","0.0","0",28.97,29.93,8.264,23,50,18,60
"2016-09-29T00:00:00",61,55,58,1.5,90,56,57,7,0,634,1822,"RA,BR","1.22","0.0","0",29.21,30.17,12.405,27,50,20,50
"2016-09-30T00:00:00",61,58,60,3.9,90,56,57,5,0,635,1820,"TS,RA,BR","0.45","0.0","0",29.23,30.16,10.283,22,40,17,20
"2016-10-01T00:00:00",68,50,59,3.3,85,54,56,6,0,636,1818,"TS,RA,BR","0.24","0.0","0",29.11,30.04,7.024,24,190,18,190
"2016-10-02T00:00:00",69,50,60,4.8,82,52,55,5,0,637,1817,"FG,BR,HZ","0.00","0.0","0",29.08,30.03,3.43,12,260,8,320
"2016-10-03T00:00:00",67,51,59,4.1,85,54,56,6,0,639,1815,"FG,BR","T","0.0","0",29.16,30.11,3.657,13,140,9,160
"2016-10-04T00:00:00",74,49,62,7.5,75,53,57,3,0,640,1813,"BR,HZ","0.00","0.0","0",29.21,30.15,8.174,22,150,17,120
"2016-10-05T00:00:00",80,60,70,15.9,77,59,62,0,5,641,1811,"TS,RA,FG,BR","0.62","0.0","0",29.13,30.05,9.943,43,260,33,260
"2016-10-06T00:00:00",79,56,68,14.3,82,62,64,0,3,642,1810,"RA,FG,BR","0.01","0.0","0",29.2,30.13,4.802,18,180,15,180
"2016-10-07T00:00:00",82,50,66,12.7,69,55,60,0,1,643,1808,"RA","T","0.0","0",29.12,30.06,12.36,32,280,25,270
"2016-10-08T00:00:00",58,41,50,-2.9,66,37,43,15,0,644,1806,"RA","0.00","0.0","0",29.25,30.22,9.239,29,270,24,270
"2016-10-09T00:00:00",61,37,49,-3.6,69,37,43,16,0,645,1805,"","0.00","0.0","0",29.41,30.38,2.464,16,350,12,20
"2016-10-10T00:00:00",64,37,50,-2.2,68,41,46,15,0,647,1803,"","0.00","0.0","0",29.44,30.39,6.197,16,150,13,150
"2016-10-11T00:00:00",71,51,61,9.1,62,47,53,4,0,648,1801,"","0.00","0.0","0",29.3,30.22,9.365,21,170,15,170
"2016-10-12T00:00:00",73,50,62,10.5,74,52,55,3,0,649,1800,"TS,RA,BR","0.44","0.0","0",29.05,29.99,11.214,44,240,30,240
"2016-10-13T00:00:00",57,38,48,-3.2,71,38,44,17,0,650,1758,"","0.00","0.0","0",29.28,30.25,6.307,22,320,16,320
"2016-10-14T00:00:00",62,34,48,-2.8,69,38,44,17,0,651,1756,"","0.00","0.0","0",29.36,30.3,5.473,18,160,14,150
"2016-10-15T00:00:00",70,46,58,7.5,75,51,55,7,0,653,1755,"BR","0.00","0.0","0",29.13,30.06,12.01,26,210,21,210
"2016-10-16T00:00:00",68,62,65,14.8,88,61,62,0,0,654,1753,"TS,RA,BR","1.01","0.0","0",29.02,29.93,8.058,30,210,24,210
"2016-10-17T00:00:00",77,63,70,20.2,76,62,65,0,5,655,1751,"RA,BR","T","0.0","0",28.82,29.7,12.369,34,210,25,190
"2016-10-18T00:00:00",77,51,64,14.5,70,58,62,1,0,656,1750,"","0.00","0.0","0",28.72,29.67,14.577,36,210,28,260
"2016-10-19T00:00:00",72,47,60,10.8,71,48,53,5,0,657,1748,"BR","0.01","0.0","0",29.13,30.08,3.332,21,230,13,290
"2016-10-20T00:00:00",56,49,52,3.1,80,48,51,13,0,659,1747,"RA","T","0.0","0",29.14,30.08,7.113,21,360,16,360
"2016-10-21T00:00:00",51,41,46,-2.6,65,35,41,19,0,700,1745,"","T","0.0","0",29.13,30.08,8.789,23,20,16,10
"2016-10-22T00:00:00",55,35,45,-3.2,67,35,41,20,0,701,1744,"","0.00","0.0","0",29.08,30.04,8.552,25,290,20,290
"2016-10-23T00:00:00",68,40,54,6.1,67,43,48,11,0,702,1742,"BR","0.00","0.0","0",28.98,29.93,7.017,24,360,17,20
"2016-10-24T00:00:00",55,36,46,-1.6,65,36,42,19,0,703,1741,"","0.00","0.0","0",29.29,30.28,8.64,23,320,17,300
"2016-10-25T00:00:00",54,31,42,-5.3,70,32,37,23,0,705,1739,"","0.00","0.0","0",29.48,30.45,2.713,17,310,13,290
"2016-10-26T00:00:00",40,34,37,-10,86,34,36,28,0,706,1738,"RA,BR","0.62","T","0",29.4,30.33,10.403,29,110,24,100
"2016-10-27T00:00:00",45,34,40,-6.7,87,38,40,25,0,707,1737,"RA,BR","0.15","0.0","0",29.16,30.14,6.371,19,350,14,330
"2016-10-28T00:00:00",58,31,44,-2.3,75,40,44,21,0,708,1735,"BR","0.00","0.0","0",29.24,30.17,9.508,28,210,22,200
"2016-10-29T00:00:00",70,54,62,16,76,55,58,3,0,710,1734,"BR","0.00","0.0","0",28.97,29.91,12.66,33,220,23,220
"2016-10-30T00:00:00",54,37,46,0.3,79,40,44,19,0,711,1732,"RA","0.10","0.0","0",29.17,30.14,6.272,18,350,14,360
"2016-10-31T00:00:00",54,30,42,-3.4,73,35,40,23,0,712,1731,"BR","0.00","0.0","0",29.23,30.17,7.666,23,150,17,150
"2016-11-01T00:00:00",77,48,62,17,66,52,NA,3,0,713,1730,"","T","0.0","0",29,NA,10.375,26,160,21,250
"2016-11-02T00:00:00",64,53,58,13.3,83,56,NA,7,0,715,1729,"TS,RA,FG,BR","1.35","0.0","0",29.18,NA,4.551,18,320,16,320
"2016-11-03T00:00:00",58,45,52,7.6,80,47,NA,13,0,716,1727,"RA,BR","0.20","0.0","0",29.21,NA,6.443,21,350,16,350
"2016-11-04T00:00:00",57,35,46,2,72,38,NA,19,0,717,1726,"BR","0.00","0.0","0",29.42,NA,5.682,15,280,13,280
"2016-11-05T00:00:00",67,40,54,10.3,69,43,NA,11,0,719,1725,"BR","0.00","0.0","0",29.35,NA,7.706,19,260,16,280
"2016-11-06T00:00:00",68,34,51,7.7,67,39,NA,14,0,720,1724,"FG,BR,HZ","0.00","0.0","0",29.41,NA,2.917,12,180,9,170
"2016-11-07T00:00:00",67,39,53,10.1,68,41,NA,12,0,721,1723,"FG,BR","0.00","0.0","0",29.39,NA,3.505,17,180,14,180
"2016-11-08T00:00:00",59,44,52,9.4,73,43,NA,13,0,722,1721,"RA","T","0.0","0",29.19,NA,10.156,27,340,20,250
"2016-11-09T00:00:00",56,40,48,5.8,59,34,NA,17,0,724,1720,"","0.00","0.0","0",29.26,NA,8.831,25,20,18,360
"2016-11-10T00:00:00",64,40,52,10.2,53,35,NA,13,0,725,1719,"","0.00","0.0","0",29.06,NA,14.826,37,240,29,250
"2016-11-11T00:00:00",54,31,42,0.6,54,29,NA,23,0,726,1718,"","0.00","0.0","0",29.21,NA,9.156,28,10,21,30
"2016-11-12T00:00:00",49,25,37,-4.1,63,26,NA,28,0,727,1717,"","0.00","0.0","0",29.43,NA,7.106,21,260,17,260
"2016-11-13T00:00:00",57,35,46,5.3,55,28,NA,19,0,729,1716,"","0.00","0.0","0",29.18,NA,13.24,27,220,21,230
"2016-11-14T00:00:00",58,39,48,7.7,59,33,NA,17,0,730,1715,"","0.00","0.0","0",29,NA,8.302,20,220,15,210
"2016-11-15T00:00:00",60,36,48,8.1,72,40,NA,17,0,731,1715,"BR,HZ","0.00","0.0","0",28.94,NA,5.114,23,290,17,280
"2016-11-16T00:00:00",57,35,46,6.5,75,40,NA,19,0,732,1714,"FG,BR,HZ","0.00","0.0","0",28.97,NA,3.917,15,260,13,250
"2016-11-17T00:00:00",65,35,50,10.9,70,42,NA,15,0,734,1713,"BR,HZ","0.00","0.0","0",29,NA,11.072,27,180,22,160
"2016-11-18T00:00:00",72,48,60,21.3,66,49,NA,5,0,735,1712,"TS,RA,BR","0.30","0.0","0",28.9,NA,13.907,44,210,33,220
"2016-11-19T00:00:00",48,31,40,1.8,71,27,NA,25,0,736,1711,"SN,UP,HZ","T","T","0",28.95,NA,19.23,39,310,29,310
"2016-11-20T00:00:00",32,28,30,-7.8,59,18,NA,35,0,737,1711,"","0.00","T","0",29.21,NA,14.719,32,320,24,300
"2016-11-21T00:00:00",38,24,31,-6.4,59,17,NA,34,0,739,1710,"","0.00","0.0","0",29.26,NA,9.845,26,320,20,320
"2016-11-22T00:00:00",40,20,30,-7,66,19,NA,35,0,740,1709,"","0.00","0.0","0",29.36,NA,3.275,12,20,9,20
"2016-11-23T00:00:00",38,25,32,-4.6,78,30,NA,33,0,741,1709,"RA,FZRA,BR,UP","0.50","T","0",29.22,NA,9.755,23,120,17,110
"2016-11-24T00:00:00",44,38,41,4.8,88,38,NA,24,0,742,1708,"RA,BR","0.05","0.0","0",29.11,NA,8.603,21,260,16,270
"2016-11-25T00:00:00",41,37,39,3.3,83,35,NA,26,0,743,1708,"RA,BR","0.04","0.0","0",29.27,NA,9.268,16,240,13,250
"2016-11-26T00:00:00",40,32,36,0.7,77,31,NA,29,0,744,1707,"","0.00","0.0","0",29.29,NA,8.386,22,260,17,260
"2016-11-27T00:00:00",46,30,38,3.1,81,32,NA,27,0,746,1707,"BR,HZ","0.00","0.0","0",29.15,NA,6.872,17,200,13,200
"2016-11-28T00:00:00",50,37,44,9.5,78,38,NA,21,0,747,1706,"RA,BR","0.49","0.0","0",28.78,NA,16.126,40,160,30,160
"2016-11-29T00:00:00",58,47,52,17.9,67,42,NA,13,0,748,1706,"TS,RA,HZ","0.23","0.0","0",28.58,NA,13.47,49,160,36,160
"2016-11-30T00:00:00",52,37,44,10.3,76,38,NA,21,0,749,1705,"BR","T","0.0","0",28.66,NA,9.818,30,250,24,250
"2016-12-01T00:00:00",42,35,38,4.7,82,33,36,27,0,750,1705,"RA,BR","0.01","T","0",28.77,29.76,12.789,27,210,20,250
"2016-12-02T00:00:00",39,35,37,4.1,72,28,33,28,0,751,1705,"RA","T","0.0","0",29.1,30.11,11.195,26,290,21,310
"2016-12-03T00:00:00",37,35,36,3.5,73,28,32,29,0,752,1705,"","T","T","0",29.33,30.31,6.229,15,260,13,270
"2016-12-04T00:00:00",37,32,34,1.9,77,27,32,31,0,753,1705,"SN,FG,BR","0.36","2.5","0",29.17,30.1,5.935,18,140,15,140
"2016-12-05T00:00:00",39,27,33,1.3,83,29,32,32,0,754,1704,"SN,BR","T","T","2",29.03,30.01,8.6,22,260,16,220
"2016-12-06T00:00:00",42,23,32,0.7,80,29,32,33,0,755,1704,"BR","0.00","0.0","T",28.9,29.85,9.24,29,260,23,250
"2016-12-07T00:00:00",38,30,34,3.1,62,21,29,31,0,756,1704,"","0.00","0.0","0",29.01,29.99,17.078,35,260,25,270
"2016-12-08T00:00:00",30,25,28,-2.6,75,19,24,37,0,757,1704,"SN,BR","0.04","1.0","0",29.19,30.14,16.657,34,250,26,260
"2016-12-09T00:00:00",30,23,26,-4.2,75,19,24,39,0,758,1704,"SN,BR","0.01","0.2","1",29.41,30.4,10.227,22,270,17,290
"2016-12-10T00:00:00",26,20,23,-6.9,78,17,21,42,0,759,1704,"SN,BR","0.04","1.1","1",29.46,30.44,8.637,21,260,17,260
"2016-12-11T00:00:00",30,22,26,-3.5,86,22,24,39,0,759,1704,"SN,FZFG,BR,FG","0.55","7.4","4",29.11,30.08,10.299,23,150,17,160
"2016-12-12T00:00:00",34,22,28,-1.2,76,23,27,37,0,800,1705,"SN,BR","0.04","T","10",28.91,29.94,13.843,33,260,26,260
"2016-12-13T00:00:00",27,9,18,-10.9,75,12,17,47,0,801,1705,"SN,BR,HZ","0.02","0.2","9",29.11,30.1,10.754,27,260,22,270
"2016-12-14T00:00:00",21,9,15,-13.5,72,8,13,50,0,802,1705,"SN,BR,UP,HZ","0.05","1.4","8",29.05,30.06,16.742,39,290,30,280
"2016-12-15T00:00:00",17,3,10,-18.2,68,0,7,55,0,803,1705,"SN,UP","T","T","7",29.24,30.29,11.297,32,270,28,260
"2016-12-16T00:00:00",18,7,12,-15.9,69,4,11,53,0,803,1706,"SN","0.20","1.6","5",29.26,30.2,9.389,20,140,17,140
"2016-12-17T00:00:00",26,16,21,-6.7,81,16,20,44,0,804,1706,"FZRA,SN,FZFG,BR,UP,HZ,FG","0.06","0.6","7",28.77,29.74,4.119,26,90,14,140
"2016-12-18T00:00:00",21,8,14,-13.4,71,8,14,51,0,804,1706,"SN,BR","T","T","6",29.21,30.29,8.071,21,340,16,340
"2016-12-19T00:00:00",14,8,11,-16.1,57,-1,9,54,0,805,1707,"SN","T","T","5",29.65,30.65,11.516,24,200,20,210
"2016-12-20T00:00:00",31,9,20,-6.8,49,5,17,45,0,806,1707,"","0.00","0.0","5",29.25,30.21,17.292,42,210,33,240
"2016-12-21T00:00:00",33,20,26,-0.6,75,20,25,39,0,806,1708,"BR,HZ","0.00","0.0","5",29.11,30.07,9.687,35,110,18,150
"2016-12-22T00:00:00",39,29,34,7.6,71,26,31,31,0,807,1708,"","0.00","0.0","5",29.15,30.17,11.044,22,260,18,260
"2016-12-23T00:00:00",36,27,32,5.9,75,25,29,33,0,807,1709,"RA,FZRA,BR,UP,HZ","0.08","T","4",29.28,30.23,9.575,24,150,15,220
"2016-12-24T00:00:00",38,34,36,10.1,83,31,33,29,0,807,1710,"RA,SN,BR,UP","0.07","T","4",29.18,30.19,7.327,17,190,15,190
"2016-12-25T00:00:00",36,33,34,8.3,80,29,32,31,0,808,1710,"RA,BR","0.05","0.0","3",29.48,30.45,12.049,29,140,22,110
"2016-12-26T00:00:00",55,34,44,18.5,79,38,42,21,0,808,1711,"RA,BR,UP","0.18","0.0","T",29.03,29.95,19.762,48,250,35,250
"2016-12-27T00:00:00",34,27,30,4.7,71,20,26,35,0,808,1712,"","0.00","T","0",29.05,30.04,16.54,44,270,33,270
"2016-12-28T00:00:00",39,26,32,6.9,66,22,29,33,0,809,1712,"","0.00","0.0","0",29.07,30,10.318,29,150,24,160
"2016-12-29T00:00:00",38,29,34,9.1,71,25,31,31,0,809,1713,"SN","T","0.1","0",28.75,29.72,16.732,37,260,29,270
"2016-12-30T00:00:00",30,26,28,3.2,64,17,25,37,0,809,1714,"SN","T","T","0",28.95,29.92,14.032,30,290,23,260
"2016-12-31T00:00:00",43,28,36,11.4,56,21,30,29,0,809,1715,"","0.00","0.0","0",28.7,29.66,16.377,35,240,26,250
