"","X","date","maxTemp","minTemp","avgTemp","tempDept","relHum","dewPoint","wetBulbTemp","heatDays","coolDays","sunrise","sunset","weatherType","precip","snow","snowDepth","stnPressure","seaPressure","windSpeed","windPeakSpeed","windPeakDir","windSusSpeed","windSusDir","dateYr","season","windSpeedLevel","windDir","changeMaxTemp"
"1",1," 01-01",29,24,26,1.5,76,20,24,39,0,809,1715,"SN,BR","0.04","0.7","1",29.14,30.11,15.5,31,250,24,260,"2016-01-01","Winter","High","West",NA
"2",2," 01-02",35,28,32,7.7,71,22,28,33,0,809,1716,"","0.00","0.0","1",29.02,29.97,14.6,30,230,23,230,"2016-01-02","Winter","High","West",6
"3",3," 01-03",33,25,29,4.8,66,20,27,36,0,809,1717,"SN","T","T","1",29.03,30.04,10,30,290,23,290,"2016-01-03","Winter","Medium","West",-2
"4",4," 01-04",27,7,17,-7.1,78,13,18,48,0,809,1718,"SN,BR","T","0.2","1",29.4,30.45,7.7,21,40,17,30,"2016-01-04","Winter","Medium","North",-6
"5",5," 01-05",29,8,18,-5.9,69,10,17,47,0,809,1719,"","0.00","0.0","1",29.58,30.56,7.6,21,210,16,200,"2016-01-05","Winter","Medium","South",2
"6",6," 01-06",36,20,28,4.2,63,16,23,37,0,809,1720,"","0.00","0.0","1",29.38,NA,7.6,20,200,15,210,"2016-01-06","Winter","Medium","South",7
"7",7," 01-07",42,28,35,11.3,59,21,29,30,0,809,1721,"","0.00","0.0","1",29.22,30.17,4.8,13,140,12,150,"2016-01-07","Winter","Low","South",6
"8",8," 01-08",39,30,34,10.4,80,30,34,31,0,809,1722,"RA,BR","0.15","0.0","T",28.97,29.9,6.7,15,160,12,160,"2016-01-08","Winter","Medium","South",-3
"9",9," 01-09",42,38,40,16.5,96,40,41,25,0,809,1723,"RA,FG,BR","0.53","0.0","T",28.84,29.77,7.3,17,220,13,220,"2016-01-09","Winter","Medium","South",3
"10",10," 01-10",38,16,27,3.5,78,18,23,38,0,808,1724,"RA,SN,BR,UP,BLSN","0.18","1.0","T",28.71,29.71,17.8,42,300,31,320,"2016-01-10","Winter","High","North",-4
"11",11," 01-11",16,10,13,-10.4,75,6,11,52,0,808,1725,"SN,BR,BLSN","0.08","1.7","2",29,29.98,12.2,28,270,24,270,"2016-01-11","Winter","High","West",-22
"12",12," 01-12",23,13,18,-5.3,75,11,16,47,0,808,1726,"SN,FZFG,BR,UP,HZ,BLSN,FG","0.08","1.6","4",28.79,29.76,18.2,36,270,28,270,"2016-01-12","Winter","High","West",7
"13",13," 01-13",18,12,15,-8.3,76,8,12,50,0,807,1727,"SN,BR,HZ","0.03","0.5","4",29.05,30,13.2,25,230,22,230,"2016-01-13","Winter","High","West",-5
"14",14," 01-14",34,18,26,2.8,81,21,24,39,0,807,1729,"SN,BR,HZ","T","T","5",28.8,29.76,5.6,22,230,17,230,"2016-01-14","Winter","Low","West",16
"15",15," 01-15",42,22,32,8.8,85,33,35,33,0,806,1730,"RA,FZFG,BR,FG","0.05","0.0","3",28.55,29.47,10.2,25,270,21,270,"2016-01-15","Winter","High","West",8
"16",16," 01-16",33,26,30,6.8,71,20,26,35,0,806,1731,"SN","T","T","T",28.74,29.74,13.8,29,290,21,300,"2016-01-16","Winter","High","West",-9
"17",17," 01-17",26,9,18,-5.1,70,5,11,47,0,805,1732,"SN","T","T","T",28.94,29.94,15.5,31,280,24,270,"2016-01-17","Winter","High","West",-7
"18",18," 01-18",15,7,11,-12.1,73,4,10,54,0,805,1733,"SN,BR,UP","0.01","0.2","T",29.13,30.15,13.1,31,290,25,290,"2016-01-18","Winter","High","West",-11
"19",19," 01-19",21,5,13,-10.1,71,6,12,52,0,804,1735,"SN,HZ","T","T","T",29.4,30.42,7.6,19,270,14,270,"2016-01-19","Winter","Medium","West",6
"20",20," 01-20",22,12,17,-6.1,76,9,14,48,0,804,1736,"SN,BR,HZ","T","T","T",29.32,30.3,4.4,11,240,8,280,"2016-01-20","Winter","Low","West",1
"21",21," 01-21",26,12,19,-4.1,81,17,20,46,0,803,1737,"SN,BR,HZ","0.01","0.1","T",29.35,30.35,5.5,17,260,13,250,"2016-01-21","Winter","Low","West",4
"22",22," 01-22",29,18,24,0.9,76,17,22,41,0,802,1738,"BR,HZ","T","T","T",29.31,30.29,6.2,17,40,15,50,"2016-01-22","Winter","Low","East",3
"23",23," 01-23",26,17,22,-1.1,78,16,21,43,0,801,1740,"SN,BR","T","0.1","T",29.21,30.18,6.3,20,30,15,40,"2016-01-23","Winter","Low","North",-3
"24",24," 01-24",32,15,24,0.9,74,19,24,41,0,801,1741,"HZ","0.00","0.0","T",29.05,30.02,8.3,26,220,21,220,"2016-01-24","Winter","Medium","South",6
"25",25," 01-25",40,26,33,9.8,75,26,31,32,0,800,1742,"RA,BR,UP,HZ","0.02","0.0","T",28.96,29.89,10.8,24,180,18,190,"2016-01-25","Winter","High","South",8
"26",26," 01-26",43,29,36,12.8,82,30,33,29,0,759,1743,"RA,SN,BR,UP,HZ","0.10","1.4","0",28.87,29.86,18.2,36,250,30,240,"2016-01-26","Winter","High","West",3
"27",27," 01-27",29,24,26,2.7,76,21,25,39,0,758,1745,"SN,BR","0.01","0.2","2",29.15,30.1,13.3,30,190,24,180,"2016-01-27","Winter","High","South",-14
"28",28," 01-28",34,26,30,6.7,77,24,28,35,0,757,1746,"SN,BR,UP,HZ","0.04","0.1","1",28.71,29.65,14.1,32,200,23,220,"2016-01-28","Winter","High","South",5
"29",29," 01-29",29,20,24,0.6,62,13,21,41,0,756,1747,"SN","T","T","1",28.92,29.9,10.7,31,310,22,310,"2016-01-29","Winter","High","West",-5
"30",30," 01-30",47,29,38,14.5,69,28,34,27,0,755,1749,"","0.00","0.0","1",28.76,29.7,10.8,28,200,22,200,"2016-01-30","Winter","High","South",18
"31",31," 01-31",49,38,44,20.5,87,40,42,21,0,754,1750,"RA,BR","0.12","0.0","0",28.67,29.61,10,26,280,21,260,"2016-01-31","Winter","Medium","West",2
"32",32," 02-01",44,25,34,10.4,75,30,NA,31,0,753,1751,"BR,UP,HZ","T","0.0","0",29,NA,6.2,24,270,17,290,"2016-02-01","Winter","Low","West",-5
"33",33," 02-02",39,23,31,7.3,80,26,NA,34,0,752,1753,"RA,PL,FZFG,BR,UP,FG","0.43","T","0",29.11,NA,8.5,34,90,25,100,"2016-02-02","Winter","Medium","East",-5
"34",34," 02-03",44,31,38,14.2,85,34,NA,27,0,751,1754,"RA,SN,FG,BR","0.07","0.1","0",28.65,NA,13.5,39,210,32,220,"2016-02-03","Winter","High","South",5
"35",35," 02-04",32,20,26,2.1,80,24,NA,39,0,750,1755,"FZRA,SN,BR,UP","0.12","2.2","1",29.15,NA,7.9,20,260,17,270,"2016-02-04","Winter","Medium","West",-12
"36",36," 02-05",35,18,26,1.9,72,22,NA,39,0,749,1757,"SN,BR","0.01","0.2","2",29.34,NA,7.3,16,280,13,270,"2016-02-05","Winter","Medium","West",3
"37",37," 02-06",37,20,28,3.8,66,20,NA,37,0,748,1758,"BR,HZ","0.00","0.0","1",29.28,NA,9.4,25,240,21,210,"2016-02-06","Winter","Medium","South",2
"38",38," 02-07",47,32,40,15.7,63,28,NA,25,0,746,1759,"","0.00","0.0","0",28.94,NA,11.4,30,210,23,200,"2016-02-07","Winter","High","South",10
"39",39," 02-08",40,29,34,9.5,76,28,NA,31,0,745,1801,"SN","T","T","0",28.69,NA,6.8,17,290,14,300,"2016-02-08","Winter","Medium","West",-7
"40",40," 02-09",33,22,28,3.4,80,24,NA,37,0,744,1802,"SN,BR","0.07","0.8","1",28.69,NA,12.9,27,300,20,290,"2016-02-09","Winter","High","West",-7
"41",41," 02-10",22,11,16,-8.8,65,9,NA,49,0,743,1803,"SN,HZ","0.01","0.2","1",28.9,NA,13.8,28,290,24,300,"2016-02-10","Winter","High","West",-11
"42",42," 02-11",23,10,16,-9,62,5,NA,49,0,741,1805,"","0.00","T","1",29.21,NA,8.9,24,300,18,310,"2016-02-11","Winter","Medium","West",1
"43",43," 02-12",22,6,14,-11.1,70,9,NA,51,0,740,1806,"SN,UP","0.02","0.4","1",29.13,NA,14.5,33,310,25,310,"2016-02-12","Winter","High","West",-1
"44",44," 02-13",15,2,8,-17.3,65,-2,NA,57,0,739,1807,"","T","T","2",29.44,NA,9.5,29,300,22,300,"2016-02-13","Winter","Medium","West",-7
"45",45," 02-14",18,0,9,-16.5,70,1,NA,56,0,737,1809,"SN","T","T","2",29.41,NA,8.1,24,130,18,140,"2016-02-14","Winter","Medium","South",3
"46",46," 02-15",26,15,20,-5.7,83,16,NA,45,0,736,1810,"SN,BR","0.02","0.2","2",29.02,NA,6.9,19,130,15,130,"2016-02-15","Winter","Medium","East",8
"47",47," 02-16",29,25,27,1.1,84,23,NA,38,0,734,1811,"SN,BR,HZ","0.06","1.2","2",28.87,NA,3.8,13,290,12,290,"2016-02-16","Winter","Low","West",3
"48",48," 02-17",30,11,20,-6.2,69,18,NA,45,0,733,1812,"SN,BR","T","T","3",29.16,NA,5.9,19,300,16,320,"2016-02-17","Winter","Low","North",1
"49",49," 02-18",34,4,19,-7.4,68,13,NA,46,0,732,1814,"","0.00","0.0","2",29.44,NA,10.7,30,140,22,160,"2016-02-18","Winter","High","South",4
"50",50," 02-19",60,33,46,19.4,60,33,NA,19,0,730,1815,"","T","T","1",28.82,NA,24.6,61,230,47,240,"2016-02-19","Winter","High","West",26
"51",51," 02-20",54,38,46,19.1,54,31,NA,19,0,729,1816,"","0.00","0.0","0",28.84,NA,15.8,40,260,31,250,"2016-02-20","Winter","High","West",-6
"52",52," 02-21",41,32,36,8.9,75,30,NA,29,0,727,1818,"","0.00","0.0","0",29.1,NA,6.3,19,40,15,30,"2016-02-21","Winter","Low","North",-13
"53",53," 02-22",40,29,34,6.6,70,23,NA,31,0,726,1819,"","0.00","0.0","0",29.23,NA,8,21,130,17,130,"2016-02-22","Winter","Medium","East",-1
"54",54," 02-23",45,22,34,6.3,60,20,NA,31,0,724,1820,"","0.00","0.0","0",29.2,NA,6.5,15,110,13,100,"2016-02-23","Winter","Medium","East",5
"55",55," 02-24",32,28,30,2.1,85,27,NA,35,0,723,1821,"SN,FG,FZFG,BR","0.65","7.0","0",28.73,NA,18.9,35,10,29,10,"2016-02-24","Winter","High","North",-13
"56",56," 02-25",34,24,29,0.8,81,24,NA,36,0,721,1823,"SN,BR,UP","0.12","3.4","10",28.74,NA,16.5,33,310,25,310,"2016-02-25","Winter","High","West",2
"57",57," 02-26",32,18,25,-3.5,64,16,NA,40,0,719,1824,"","0.00","T","8",29.19,NA,8.8,21,270,17,270,"2016-02-26","Winter","Medium","West",-2
"58",58," 02-27",44,25,34,5.2,63,24,NA,31,0,718,1825,"","0.00","0.0","8",28.98,NA,15.4,31,240,26,230,"2016-02-27","Winter","High","West",12
"59",59," 02-28",56,36,46,16.9,74,38,NA,19,0,716,1826,"RA,BR","0.13","0.0","6",28.66,NA,16.8,35,230,26,220,"2016-02-28","Winter","High","South",12
"60",60," 02-29",44,24,34,4.7,66,23,NA,31,0,715,1828,"SN,BR,UP","T","T","T",28.85,NA,16.2,46,270,36,260,"2016-02-29","Winter","High","West",-12
"61",61," 03-01",24,19,22,-7.4,84,17,20,43,0,713,1829,"SN,FZFG,BR,FG,PL","0.59","7.2","2",28.94,29.9,13.1,35,330,24,330,"2016-03-01","Winter","High","North",-20
"62",62," 03-02",27,11,19,-10.8,65,9,17,46,0,711,1830,"SN,BR","T","T","7",29.11,30.12,9.7,24,260,20,260,"2016-03-02","Winter","Medium","West",3
"63",63," 03-03",28,9,18,-12.1,78,14,19,47,0,710,1831,"SN,BR","0.04","0.7","7",29.18,30.16,3.7,12,40,10,30,"2016-03-03","Winter","Low","North",1
"64",64," 03-04",34,5,20,-10.4,62,11,19,45,0,708,1833,"SN,FZFG,BR,FG","T","T","7",29.21,30.2,2.2,13,200,9,280,"2016-03-04","Winter","Low","West",6
"65",65," 03-05",33,24,28,-2.8,84,24,27,37,0,706,1834,"SN,FZFG,BR,HZ,FG","0.09","1.0","8",29.16,30.15,5.4,13,140,10,140,"2016-03-05","Winter","Low","South",-1
"66",66," 03-06",41,14,28,-3.1,80,23,27,37,0,705,1835,"FZFG,BR,HZ,FG","0.00","0.0","8",29.25,30.19,8.2,25,190,21,190,"2016-03-06","Winter","Medium","South",8
"67",67," 03-07",58,41,50,18.5,65,37,43,15,0,703,1836,"","0.00","0.0","7",29,29.95,10.9,27,210,22,210,"2016-03-07","Winter","High","South",17
"68",68," 03-08",70,49,60,28.2,61,46,52,5,0,701,1837,"","0.00","0.0","T",29,29.94,12,32,210,25,210,"2016-03-08","Winter","High","South",12
"69",69," 03-09",68,56,62,29.8,72,52,56,3,0,659,1839,"RA","T","0.0","0",28.97,29.9,11,33,220,26,220,"2016-03-09","Winter","High","South",-2
"70",70," 03-10",57,41,49,16.4,81,44,47,16,0,658,1840,"RA,BR","T","0.0","0",29.08,30.04,6.5,19,310,15,310,"2016-03-10","Winter","Medium","West",-11
"71",71," 03-11",55,31,43,10.1,68,32,38,22,0,656,1841,"","0.00","0.0","0",29.36,30.34,4.1,18,170,14,170,"2016-03-11","Winter","Low","South",-2
"72",72," 03-12",59,29,44,10.7,71,36,41,21,0,654,1842,"FG,BR","0.00","0.0","0",29.24,30.17,2.5,13,180,10,190,"2016-03-12","Winter","Low","South",4
"73",73," 03-13",49,44,46,12.3,85,41,44,19,0,653,1843,"RA,BR","1.01","0.0","0",28.99,29.9,9.2,23,110,17,110,"2016-03-13","Winter","Medium","East",-10
"74",74," 03-14",52,45,48,13.9,89,46,48,17,0,651,1845,"RA,BR","0.04","0.0","0",28.74,29.7,7.3,17,250,14,270,"2016-03-14","Winter","Medium","West",3
"75",75," 03-15",57,41,49,14.5,81,43,45,16,0,649,1846,"RA,FG,BR","0.04","0.0","0",28.86,29.79,8.1,26,190,21,90,"2016-03-15","Winter","Medium","East",5
"76",76," 03-16",56,46,51,16.1,63,37,44,14,0,647,1847,"RA,BR","0.08","0.0","0",28.64,29.57,21.6,56,250,41,240,"2016-03-16","Winter","High","West",-1
"77",77," 03-17",50,33,42,6.7,53,28,37,23,0,646,1848,"RA","T","0.0","0",28.83,29.79,15.9,43,270,33,260,"2016-03-17","Winter","High","West",-6
"78",78," 03-18",48,29,38,2.3,73,28,33,27,0,644,1849,"","0.00","T","0",29.05,30.05,5.5,18,40,14,30,"2016-03-18","Winter","Low","North",-2
"79",79," 03-19",40,25,32,-4.1,61,20,28,33,0,642,1850,"","0.00","0.0","0",29.24,30.22,9.2,23,30,16,40,"2016-03-19","Winter","Medium","North",-8
"80",80," 03-20",43,22,32,-4.5,57,18,27,33,0,640,1852,"","0.00","0.0","0",29.19,30.15,7.1,19,280,15,270,"2016-03-20","Winter","Medium","West",3
"81",81," 03-21",45,27,36,-0.9,51,18,30,29,0,639,1853,"","0.00","0.0","0",29.15,30.11,7.8,23,290,17,270,"2016-03-21","Winter","Medium","West",2
"82",82," 03-22",60,33,46,8.6,54,30,39,19,0,637,1854,"RA","T","0.0","0",28.92,29.83,7.7,26,220,21,230,"2016-03-22","Spring","Medium","West",15
"83",83," 03-23",47,33,40,2.2,88,33,35,25,0,635,1855,"RA,BR,UP","0.14","0.0","0",28.97,29.94,12.9,26,40,21,60,"2016-03-23","Spring","High","East",-13
"84",84," 03-24",39,29,34,-4.2,93,33,34,31,0,633,1856,"RA,SN,BR,UP","0.64","T","0",28.71,29.64,10.2,23,350,18,330,"2016-03-24","Spring","High","North",-8
"85",85," 03-25",44,26,35,-3.6,71,25,30,30,0,632,1857,"","0.00","T","0",29.03,30.05,6.5,22,320,16,320,"2016-03-25","Spring","Medium","North",5
"86",86," 03-26",52,26,39,-0.1,68,29,35,26,0,630,1859,"BR","0.00","0.0","0",29.26,30.23,7.5,17,150,14,150,"2016-03-26","Spring","Medium","South",8
"87",87," 03-27",70,34,52,12.5,62,37,44,13,0,628,1900,"RA","0.06","0.0","0",29.04,29.94,10,28,200,21,290,"2016-03-27","Spring","Medium","West",18
"88",88," 03-28",46,34,40,0.1,81,36,39,25,0,626,1901,"RA,BR","0.29","0.0","0",28.94,29.94,12.3,32,290,23,310,"2016-03-28","Spring","High","West",-24
"89",89," 03-29",51,29,40,-0.3,59,25,34,25,0,624,1902,"","0.00","0.0","0",29.32,30.29,4.7,14,20,10,140,"2016-03-29","Spring","Low","South",5
"90",90," 03-30",61,35,48,7.2,59,34,43,17,0,623,1903,"RA","0.06","0.0","0",29.04,29.92,13.5,34,190,25,190,"2016-03-30","Spring","High","South",10
"91",91," 03-31",63,43,53,11.8,85,51,53,12,0,621,1904,"TS,RA,BR","1.17","0.0","0",28.51,29.42,17.3,43,190,32,190,"2016-03-31","Spring","High","South",2
"92",92," 04-01",49,34,42,0.4,67,31,37,23,0,619,1905,"RA,BR","0.01","0.0","0",28.71,29.67,12.6,27,250,22,290,"2016-04-01","Spring","High","West",-14
"93",93," 04-02",38,25,32,-10,75,25,29,33,0,618,1907,"SN,FG,FZFG,BR,UP,HZ","0.16","1.7","T",28.68,29.65,10.4,36,340,24,340,"2016-04-02","Spring","High","North",-11
"94",94," 04-03",52,20,36,-6.5,69,24,30,29,0,616,1908,"RA,SN","0.04","T","1",28.92,29.86,10.9,27,180,21,190,"2016-04-03","Spring","High","South",14
"95",95," 04-04",33,24,28,-14.9,75,22,27,37,0,614,1909,"SN,BR,HZ","T","T","0",29.07,30.11,11.6,28,340,22,30,"2016-04-04","Spring","High","North",-19
"96",96," 04-05",42,19,30,-13.3,56,16,26,35,0,612,1910,"HZ","0.01","T","0",29.44,30.4,6.8,29,130,22,130,"2016-04-05","Spring","Medium","East",9
"97",97," 04-06",47,32,40,-3.7,78,33,37,25,0,611,1911,"RA,BR,HZ","0.06","T","0",28.79,29.68,12.6,28,150,22,150,"2016-04-06","Spring","High","South",5
"98",98," 04-07",39,31,35,-9.2,84,30,33,30,0,609,1912,"RA,SN,FG,BR","0.18","0.2","0",28.59,29.57,10.7,29,320,22,310,"2016-04-07","Spring","High","West",-8
"99",99," 04-08",40,26,33,-11.6,74,24,29,32,0,607,1913,"SN,FG,BR,HZ","0.25","4.7","0",28.82,29.78,7.9,27,40,22,40,"2016-04-08","Spring","Medium","North",1
"100",100," 04-09",32,23,28,-17,58,14,23,37,0,606,1915,"SN,FZFG,BR,UP,FG","0.02","0.2","4",29.13,30.15,9.4,29,20,21,20,"2016-04-09","Spring","Medium","North",-8
"101",101," 04-10",41,27,34,-11.4,80,26,30,31,0,604,1916,"RA,FZRA,SN,BR,HZ","0.57","0.7","T",29.08,30,13.8,31,160,25,160,"2016-04-10","Spring","High","South",9
"102",102," 04-11",53,34,44,-1.8,70,35,41,21,0,602,1917,"RA,BR,HZ","0.03","0.0","0",28.88,29.86,13.1,37,300,29,290,"2016-04-11","Spring","High","West",12
"103",103," 04-12",47,30,38,-8.2,57,24,33,27,0,601,1918,"","0.00","0.0","0",29.3,30.3,7.1,22,320,17,350,"2016-04-12","Spring","Medium","North",-6
"104",104," 04-13",53,29,41,-5.6,55,27,36,24,0,559,1919,"","0.00","0.0","0",29.41,30.38,6.9,18,150,15,140,"2016-04-13","Spring","Medium","South",6
"105",105," 04-14",60,31,46,-1,51,28,38,19,0,557,1920,"","0.00","0.0","0",29.38,30.34,6.5,19,100,15,90,"2016-04-14","Spring","Medium","East",7
"106",106," 04-15",70,33,52,4.6,47,31,43,13,0,556,1921,"","0.00","0.0","0",29.34,30.3,5.6,20,120,15,140,"2016-04-15","Spring","Low","South",10
"107",107," 04-16",76,40,58,10.3,40,34,48,7,0,554,1923,"","0.00","0.0","0",29.41,30.36,6.1,19,160,13,120,"2016-04-16","Spring","Low","East",6
"108",108," 04-17",78,41,60,11.9,41,36,50,5,0,552,1924,"","0.00","0.0","0",29.46,30.4,2.9,12,110,9,110,"2016-04-17","Spring","Low","East",2
"109",109," 04-18",81,50,66,17.5,43,42,53,0,1,551,1925,"","0.00","0.0","0",29.35,30.28,7.1,25,50,18,50,"2016-04-18","Spring","Medium","East",3
"110",110," 04-19",62,43,52,3.1,62,37,44,13,0,549,1926,"RA","0.01","0.0","0",29.34,30.3,10,25,40,18,50,"2016-04-19","Spring","Medium","East",-19
"111",111," 04-20",68,45,56,6.8,38,30,45,9,0,548,1927,"","T","0.0","0",29.25,30.17,10,25,140,20,130,"2016-04-20","Spring","Medium","East",6
"112",112," 04-21",62,48,55,5.4,85,50,52,10,0,546,1928,"RA,BR","0.25","0.0","0",28.96,29.87,6.9,22,200,16,200,"2016-04-21","Spring","Medium","South",-6
"113",113," 04-22",57,41,49,-0.9,86,48,50,16,0,545,1929,"RA,FG,BR","T","0.0","0",29.01,29.98,8.2,18,20,15,40,"2016-04-22","Spring","Medium","North",-5
"114",114," 04-23",58,34,46,-4.3,56,31,40,19,0,543,1931,"","0.00","0.0","0",29.23,30.18,5.7,20,40,13,40,"2016-04-23","Spring","Low","North",1
"115",115," 04-24",68,40,54,3.4,46,33,45,11,0,542,1932,"","0.00","0.0","0",29.12,30.04,8.1,20,130,15,140,"2016-04-24","Spring","Medium","South",10
"116",116," 04-25",79,46,62,11,55,43,51,3,0,540,1933,"TS,RA,BR","0.20","0.0","0",28.89,29.79,10.4,37,310,28,310,"2016-04-25","Spring","High","West",11
"117",117," 04-26",51,36,44,-7.3,88,40,41,21,0,539,1934,"TS,RA,FG,BR","0.02","0.0","0",28.9,29.86,9.5,24,40,18,60,"2016-04-26","Spring","Medium","East",-28
"118",118," 04-27",60,33,46,-5.7,51,29,39,19,0,537,1935,"","0.00","0.0","0",29.04,29.99,10.1,27,60,21,70,"2016-04-27","Spring","Medium","East",9
"119",119," 04-28",47,38,42,-10,70,31,38,23,0,536,1936,"RA,BR","0.31","0.0","0",29.05,30,9.2,20,80,15,70,"2016-04-28","Spring","Medium","East",-13
"120",120," 04-29",51,40,46,-6.3,75,37,41,19,0,534,1937,"RA","0.02","0.0","0",29.15,30.11,6.1,17,50,14,40,"2016-04-29","Spring","Low","North",4
"121",121," 04-30",56,36,46,-6.6,73,38,43,19,0,533,1939,"RA,BR","0.43","0.0","0",29.17,30.1,8.1,24,120,16,50,"2016-04-30","Spring","Medium","East",5
"122",122," 05-01",51,43,47,-6,90,43,45,18,0,532,1940,"RA,BR","0.06","0.0","0",29.05,30,10.3,22,70,17,70,"2016-05-01","Spring","High","East",-5
"123",123," 05-02",55,42,48,-5.3,80,41,45,17,0,530,1941,"RA,BR","0.37","0.0","0",29.08,30.03,6.1,21,30,16,20,"2016-05-02","Spring","Low","North",4
"124",124," 05-03",66,36,51,-2.6,55,37,46,14,0,529,1942,"RA,BR","0.02","0.0","0",28.95,29.87,6.8,22,240,18,250,"2016-05-03","Spring","Medium","West",11
"125",125," 05-04",54,47,50,-3.9,83,45,48,15,0,528,1943,"TS,RA,BR","0.43","0.0","0",28.68,29.62,9.6,27,60,20,50,"2016-05-04","Spring","Medium","East",-12
"126",126," 05-05",67,45,56,1.8,70,44,49,9,0,526,1944,"","0.00","0.0","0",28.94,29.89,8.2,24,30,17,30,"2016-05-05","Spring","Medium","North",13
"127",127," 05-06",72,41,56,1.5,55,40,49,9,0,525,1945,"","0.00","0.0","0",28.98,29.9,2.5,14,250,10,240,"2016-05-06","Spring","Low","West",5
"128",128," 05-07",72,47,60,5.1,50,41,51,5,0,524,1946,"","T","0.0","0",28.77,29.7,8.8,28,330,21,330,"2016-05-07","Spring","Medium","North",0
"129",129," 05-08",67,37,52,-3.2,42,31,44,13,0,523,1948,"","0.00","0.0","0",28.97,29.92,8.2,40,270,24,270,"2016-05-08","Spring","Medium","West",-5
"130",130," 05-09",67,37,52,-3.5,49,35,45,13,0,521,1949,"","0.00","0.0","0",29.11,30.07,7.1,23,120,16,150,"2016-05-09","Spring","Medium","South",0
"131",131," 05-10",54,48,51,-4.8,75,42,47,14,0,520,1950,"RA,BR","0.54","0.0","0",29.15,30.09,10.7,29,110,24,110,"2016-05-10","Spring","High","East",-13
"132",132," 05-11",68,49,58,1.9,77,52,55,7,0,519,1951,"BR","0.00","0.0","0",29.15,30.08,5.5,17,90,13,100,"2016-05-11","Spring","Low","East",14
"133",133," 05-12",73,56,64,7.6,85,58,60,1,0,518,1952,"TS,RA,FG,BR","0.62","0.0","0",29,29.91,9,25,280,20,290,"2016-05-12","Spring","Medium","West",5
"134",134," 05-13",64,50,57,0.3,69,46,51,8,0,517,1953,"RA","0.05","0.0","0",28.95,29.88,12.4,32,260,24,270,"2016-05-13","Spring","High","West",-9
"135",135," 05-14",50,39,44,-13,72,35,40,21,0,516,1954,"RA,BR","0.56","0.0","0",28.87,29.84,13.8,36,300,26,300,"2016-05-14","Spring","High","West",-14
"136",136," 05-15",48,33,40,-17.4,61,28,35,25,0,515,1955,"SN","T","T","0",29.08,30.06,10.9,32,290,24,300,"2016-05-15","Spring","High","West",-2
"137",137," 05-16",68,38,53,-4.7,51,36,46,12,0,514,1956,"RA","0.01","0.0","0",29.14,30.09,13.4,37,110,26,260,"2016-05-16","Spring","High","West",20
"138",138," 05-17",64,45,54,-4,60,40,48,11,0,513,1957,"","T","0.0","0",29.25,30.19,7.3,17,30,13,40,"2016-05-17","Spring","Medium","North",-4
"139",139," 05-18",66,38,52,-6.3,53,35,45,13,0,512,1958,"","0.00","0.0","0",29.28,30.23,5.8,22,40,16,30,"2016-05-18","Spring","Low","North",2
"140",140," 05-19",71,40,56,-2.7,51,38,48,9,0,511,1959,"","0.00","0.0","0",29.26,30.2,2.2,15,10,10,320,"2016-05-19","Spring","Low","North",5
"141",141," 05-20",70,43,56,-3,50,40,50,9,0,510,2000,"","0.00","0.0","0",29.24,30.18,5.6,19,50,14,50,"2016-05-20","Spring","Low","East",-1
"142",142," 05-21",74,51,62,2.7,52,43,52,3,0,509,2001,"","0.00","0.0","0",29.13,30.06,6.2,22,50,17,360,"2016-05-21","Spring","Low","North",4
"143",143," 05-22",70,48,59,-0.6,53,43,52,6,0,509,2002,"","0.00","0.0","0",29.1,30.04,6.7,24,40,18,30,"2016-05-22","Spring","Medium","North",-4
"144",144," 05-23",78,42,60,0,44,39,50,5,0,508,2003,"","0.00","0.0","0",29.1,30.03,2.4,14,190,10,200,"2016-05-23","Spring","Low","South",8
"145",145," 05-24",84,49,66,5.7,43,46,57,0,1,507,2004,"","0.00","0.0","0",29.07,29.99,6.9,27,220,18,230,"2016-05-24","Spring","Medium","West",6
"146",146," 05-25",85,64,74,13.3,54,57,64,0,9,506,2005,"","0.00","0.0","0",29.07,29.99,8.8,22,210,15,170,"2016-05-25","Spring","Medium","South",1
"147",147," 05-26",84,63,74,13,71,63,67,0,9,506,2006,"TS,RA,BR","0.19","0.0","0",29,29.92,10.2,28,190,22,260,"2016-05-26","Spring","High","West",-1
"148",148," 05-27",85,63,74,12.7,67,63,67,0,9,505,2007,"","0.00","0.0","0",29.01,29.93,6.3,22,190,17,230,"2016-05-27","Spring","Low","West",1
"149",149," 05-28",86,67,76,14.3,68,63,68,0,11,504,2007,"RA,TS","0.13","0.0","0",29.05,29.97,9.7,37,200,28,210,"2016-05-28","Spring","Medium","South",1
"150",150," 05-29",84,64,74,12,64,61,66,0,9,504,2008,"RA","0.01","0.0","0",29.05,29.97,12.3,36,250,26,270,"2016-05-29","Spring","High","West",-2
"151",151," 05-30",83,60,72,9.6,58,55,62,0,7,503,2009,"","0.00","0.0","0",29.06,29.98,6.6,23,280,16,310,"2016-05-30","Spring","Medium","West",-1
"152",152," 05-31",83,53,68,5.3,56,52,59,0,3,503,2010,"","0.00","0.0","0",29.1,30.03,4.7,24,200,13,30,"2016-05-31","Spring","Low","North",0
"153",153," 06-01",80,59,70,6.9,63,56,61,0,5,502,2011,"","T","0.0","0",29.07,29.98,5.6,21,130,16,150,"2016-06-01","Spring","Low","South",-3
"154",154," 06-02",80,57,68,4.6,57,52,60,0,3,502,2011,"","0.00","0.0","0",29.05,29.99,8.3,28,260,22,240,"2016-06-02","Spring","Medium","West",0
"155",155," 06-03",81,51,66,2.2,58,51,58,0,1,501,2012,"","0.00","0.0","0",29.11,30.05,2.8,13,260,10,320,"2016-06-03","Spring","Low","North",1
"156",156," 06-04",83,57,70,5.9,68,57,62,0,5,501,2013,"RA,BR","0.07","0.0","0",28.97,29.85,8.7,27,180,22,160,"2016-06-04","Spring","Medium","South",2
"157",157," 06-05",70,60,65,0.5,77,58,61,0,0,501,2013,"TS,RA,BR","0.16","0.0","0",28.69,29.6,11.9,34,260,26,260,"2016-06-05","Spring","High","West",-13
"158",158," 06-06",80,55,68,3.2,61,51,57,0,3,500,2014,"RA","0.01","0.0","0",28.7,29.63,12.7,38,270,31,270,"2016-06-06","Spring","High","West",10
"159",159," 06-07",63,48,56,-9.2,74,48,52,9,0,500,2015,"","0.00","0.0","0",28.82,29.77,10.5,23,300,17,290,"2016-06-07","Spring","High","West",-17
"160",160," 06-08",69,45,57,-8.5,56,40,49,8,0,500,2015,"","0.00","0.0","0",29,29.96,8.7,27,290,18,300,"2016-06-08","Spring","Medium","West",6
"161",161," 06-09",71,44,58,-7.8,59,45,52,7,0,500,2016,"","T","0.0","0",29.1,30.04,3.5,23,230,18,230,"2016-06-09","Spring","Low","West",2
"162",162," 06-10",86,54,70,3.8,57,57,63,0,5,500,2016,"","0.00","0.0","0",29.05,29.98,7.7,20,230,15,200,"2016-06-10","Spring","Medium","South",15
"163",163," 06-11",91,71,81,14.5,54,62,68,0,16,459,2017,"","0.00","0.0","0",28.97,29.89,12.1,32,260,24,260,"2016-06-11","Spring","High","West",5
"164",164," 06-12",81,56,68,1.2,40,40,54,0,3,459,2017,"","0.00","0.0","0",29.13,30.08,8.4,22,310,16,330,"2016-06-12","Spring","Medium","North",-10
"165",165," 06-13",72,50,61,-6.1,60,48,54,4,0,459,2018,"RA","0.03","0.0","0",29.13,30.05,4.8,15,140,12,40,"2016-06-13","Spring","Low","North",-9
"166",166," 06-14",76,60,68,0.6,55,50,57,0,3,459,2018,"","0.00","0.0","0",29.05,29.97,9.3,23,140,20,130,"2016-06-14","Spring","Medium","East",4
"167",167," 06-15",87,62,74,6.3,64,58,64,0,9,459,2019,"TS,RA","0.03","0.0","0",28.9,29.79,6.4,20,150,17,140,"2016-06-15","Spring","Low","South",11
"168",168," 06-16",71,62,66,-2,85,62,64,0,1,459,2019,"RA,BR","0.28","0.0","0",28.82,29.76,7.5,24,10,17,360,"2016-06-16","Spring","Medium","North",-16
"169",169," 06-17",87,53,70,1.7,56,53,61,0,5,459,2019,"","0.00","0.0","0",29.1,30.05,4.3,21,110,15,100,"2016-06-17","Spring","Low","East",16
"170",170," 06-18",90,56,73,4.5,48,52,61,0,8,500,2020,"","0.00","0.0","0",29.28,30.21,2.4,15,180,10,180,"2016-06-18","Spring","Low","South",3
"171",171," 06-19",91,61,76,7.2,46,54,64,0,11,500,2020,"","0.00","0.0","0",29.28,30.2,6.6,23,230,17,220,"2016-06-19","Spring","Medium","South",1
"172",172," 06-20",90,65,78,8.9,56,62,68,0,13,500,2020,"TS,RA","T","0.0","0",29.08,29.99,14.4,37,260,28,260,"2016-06-20","Spring","High","West",-1
"173",173," 06-21",81,53,67,-2.3,49,48,57,0,2,500,2020,"","0.00","0.0","0",29.01,29.92,8.1,32,280,23,290,"2016-06-21","Spring","Medium","West",-9
"174",174," 06-22",84,54,69,-0.5,51,51,60,0,4,500,2020,"","0.00","0.0","0",28.97,29.89,3.5,17,280,13,280,"2016-06-22","Summer","Low","West",3
"175",175," 06-23",78,59,68,-1.8,58,52,59,0,3,501,2021,"RA","T","0.0","0",28.96,29.9,7.5,25,60,20,50,"2016-06-23","Summer","Medium","East",-6
"176",176," 06-24",85,53,69,-1,43,46,57,0,4,501,2021,"","0.00","0.0","0",29.14,30.08,3.5,16,90,13,80,"2016-06-24","Summer","Low","East",7
"177",177," 06-25",89,60,74,3.8,44,51,62,0,9,501,2021,"","0.00","0.0","0",29.18,30.1,6.8,18,170,14,200,"2016-06-25","Summer","Medium","South",4
"178",178," 06-26",87,70,78,7.7,63,63,68,0,13,502,2021,"RA","0.01","0.0","0",29.07,29.98,10.7,27,270,22,270,"2016-06-26","Summer","High","West",-2
"179",179," 06-27",90,65,78,7.5,54,57,65,0,13,502,2021,"","0.00","0.0","0",29.05,29.97,11.8,37,250,28,250,"2016-06-27","Summer","High","West",3
"180",180," 06-28",70,52,61,-9.7,66,50,55,4,0,503,2021,"","0.00","0.0","0",29.14,30.08,5.8,16,320,13,290,"2016-06-28","Summer","Low","West",-20
"181",181," 06-29",80,46,63,-7.8,51,44,54,2,0,503,2021,"","0.00","0.0","0",29.15,30.08,3.9,16,250,12,300,"2016-06-29","Summer","Low","West",10
"182",182," 06-30",82,51,66,-5,47,46,56,0,1,504,2020,"","T","0.0","0",29.08,30,4.2,21,260,16,220,"2016-06-30","Summer","Low","South",2
"183",183," 07-01",74,52,63,-8.1,65,52,57,2,0,504,2020,"RA,FG,BR","0.30","0.0","0",29.03,29.98,8.3,26,320,20,310,"2016-07-01","Summer","Medium","West",-8
"184",184," 07-02",79,49,64,-7.2,56,47,55,1,0,505,2020,"","0.00","0.0","0",29.2,30.14,4,17,310,13,290,"2016-07-02","Summer","Low","West",5
"185",185," 07-03",80,50,65,-6.3,51,48,57,0,0,505,2020,"","0.00","0.0","0",29.16,30.09,4.2,17,150,14,170,"2016-07-03","Summer","Low","South",1
"186",186," 07-04",83,51,67,-4.4,59,55,61,0,2,506,2020,"","0.00","0.0","0",29.01,29.91,6.3,25,150,16,160,"2016-07-04","Summer","Low","South",3
"187",187," 07-05",86,65,76,4.5,64,62,67,0,11,507,2019,"BR,HZ","0.00","0.0","0",28.95,29.87,7.8,24,290,20,260,"2016-07-05","Summer","Medium","West",3
"188",188," 07-06",88,67,78,6.5,63,62,67,0,13,507,2019,"","0.00","0.0","0",28.91,29.82,8.3,24,250,18,270,"2016-07-06","Summer","Medium","West",2
"189",189," 07-07",89,64,76,4.4,71,63,67,0,11,508,2019,"TS,RA,BR","0.42","0.0","0",28.92,29.82,4.6,32,270,26,300,"2016-07-07","Summer","Low","West",1
"190",190," 07-08",90,66,78,6.4,69,64,68,0,13,509,2018,"TS,RA,FG,BR,HZ","0.73","0.0","0",28.87,29.78,8.6,63,270,48,280,"2016-07-08","Summer","Medium","West",1
"191",191," 07-09",80,62,71,-0.7,65,57,62,0,6,509,2018,"","0.00","0.0","0",28.97,29.92,8.5,23,300,18,300,"2016-07-09","Summer","Medium","West",-10
"192",192," 07-10",83,56,70,-1.7,61,56,62,0,5,510,2017,"","0.00","0.0","0",29.11,30.04,2.3,16,270,12,300,"2016-07-10","Summer","Low","West",3
"193",193," 07-11",86,63,74,2.3,62,62,67,0,9,511,2017,"RA","T","0.0","0",29.1,30,6.1,19,150,15,200,"2016-07-11","Summer","Low","South",3
"194",194," 07-12",92,68,80,8.3,66,65,69,0,15,512,2016,"TS,RA,BR","0.27","0.0","0",28.97,29.88,12.3,48,300,36,300,"2016-07-12","Summer","High","West",6
"195",195," 07-13",87,69,78,6.3,76,68,71,0,13,512,2015,"TS,RA,BR","0.15","0.0","0",28.97,29.86,9.1,29,210,22,240,"2016-07-13","Summer","Medium","West",-5
"196",196," 07-14",85,69,77,5.3,59,60,66,0,12,513,2015,"","0.00","0.0","0",28.88,29.8,14.1,35,260,28,240,"2016-07-14","Summer","High","West",-2
"197",197," 07-15",77,62,70,-1.7,72,59,62,0,5,514,2014,"RA","T","0.0","0",29,29.95,8.6,21,290,16,290,"2016-07-15","Summer","Medium","West",-8
"198",198," 07-16",77,56,66,-5.7,63,52,58,0,1,515,2013,"","0.00","0.0","0",29.18,30.11,4.4,14,270,10,290,"2016-07-16","Summer","Low","West",0
"199",199," 07-17",87,53,70,-1.7,63,58,63,0,5,516,2013,"","0.00","0.0","0",29.12,30.04,12.4,36,180,30,190,"2016-07-17","Summer","High","South",10
"200",200," 07-18",86,66,76,4.3,58,60,67,0,11,517,2012,"","T","0.0","0",29.15,30.09,9.7,34,220,24,230,"2016-07-18","Summer","Medium","West",-1
"201",201," 07-19",84,62,73,1.4,58,57,64,0,8,518,2011,"","T","0.0","0",29.28,30.21,5.6,19,10,14,10,"2016-07-19","Summer","Low","North",-2
"202",202," 07-20",91,62,76,4.4,54,59,66,0,11,519,2010,"","0.00","0.0","0",29.26,30.19,5.4,17,170,12,180,"2016-07-20","Summer","Low","South",7
"203",203," 07-21",89,68,78,6.4,74,67,71,0,13,519,2009,"TS,RA,BR","0.41","0.0","0",29.15,30.03,10,40,320,30,300,"2016-07-21","Summer","Medium","West",-2
"204",204," 07-22",91,73,82,10.5,65,68,73,0,17,520,2009,"","0.00","0.0","0",29.03,29.96,9.6,23,270,18,240,"2016-07-22","Summer","Medium","West",2
"205",205," 07-23",94,66,80,8.5,61,64,70,0,15,521,2008,"BR","0.00","0.0","0",29.05,29.97,3.5,15,140,12,140,"2016-07-23","Summer","Low","South",3
"206",206," 07-24",87,70,78,6.5,79,70,73,0,13,522,2007,"TS,RA,BR","0.88","0.0","0",29,29.91,9.4,32,220,25,220,"2016-07-24","Summer","Medium","South",-7
"207",207," 07-25",87,67,77,5.6,62,65,70,0,12,523,2006,"","0.00","0.0","0",29,29.93,8.9,22,270,17,270,"2016-07-25","Summer","Medium","West",0
"208",208," 07-26",87,61,74,2.6,64,62,67,0,9,524,2005,"","0.00","0.0","0",29.1,30.02,3.4,23,310,12,280,"2016-07-26","Summer","Low","West",0
"209",209," 07-27",89,64,76,4.7,66,62,67,0,11,525,2004,"","0.00","0.0","0",29.07,29.98,4.9,32,360,24,360,"2016-07-27","Summer","Low","North",2
"210",210," 07-28",86,63,74,2.7,73,63,67,0,9,526,2003,"TS,RA","0.04","0.0","0",29.01,29.92,5.5,29,350,21,350,"2016-07-28","Summer","Low","North",-3
"211",211," 07-29",79,64,72,0.8,69,60,64,0,7,527,2001,"RA","T","0.0","0",29.05,29.97,8.1,27,350,20,30,"2016-07-29","Summer","Medium","North",-7
"212",212," 07-30",71,63,67,-4.2,84,62,64,0,2,528,2000,"TS,RA,BR","0.15","0.0","0",29.06,30,7.4,18,40,14,50,"2016-07-30","Summer","Medium","East",-8
"213",213," 07-31",79,64,72,0.9,79,63,65,0,7,529,1959,"BR","0.00","0.0","0",29.1,30.03,4.9,15,320,12,20,"2016-07-31","Summer","Low","North",8
"214",214," 08-01",84,59,72,0.9,66,59,64,0,7,530,1958,"BR","0.00","0.0","0",29.15,30.09,2.7,15,10,9,30,"2016-08-01","Summer","Low","North",5
"215",215," 08-02",87,62,74,3,72,64,68,0,9,532,1957,"BR","0.00","0.0","0",29.16,30.09,2.9,12,50,10,70,"2016-08-02","Summer","Low","East",3
"216",216," 08-03",92,64,78,7,60,63,68,0,13,533,1956,"","0.00","0.0","0",29.14,30.05,2.7,14,170,12,170,"2016-08-03","Summer","Low","South",5
"217",217," 08-04",93,67,80,9.1,50,59,67,0,15,534,1954,"","0.00","0.0","0",29.07,29.97,5.7,20,230,14,180,"2016-08-04","Summer","Low","South",1
"218",218," 08-05",90,66,78,7.1,62,64,69,0,13,535,1953,"","0.00","0.0","0",28.93,29.84,10.1,25,300,18,310,"2016-08-05","Summer","Medium","West",-3
"219",219," 08-06",85,60,72,1.2,61,57,63,0,7,536,1952,"","0.00","0.0","0",29,29.93,5.3,19,270,13,290,"2016-08-06","Summer","Low","West",-5
"220",220," 08-07",83,59,71,0.3,59,55,61,0,6,537,1950,"","0.00","0.0","0",29.11,30.05,5,17,310,14,10,"2016-08-07","Summer","Low","North",-2
"221",221," 08-08",85,54,70,-0.7,57,53,60,0,5,538,1949,"","0.00","0.0","0",29.15,30.08,4.5,23,70,13,50,"2016-08-08","Summer","Low","East",2
"222",222," 08-09",90,57,74,3.4,59,59,65,0,9,539,1948,"","0.00","0.0","0",29.1,30.02,3.7,21,250,15,220,"2016-08-09","Summer","Low","South",5
"223",223," 08-10",93,63,78,7.5,58,62,68,0,13,540,1946,"","0.00","0.0","0",29.15,30.06,2.7,17,280,14,280,"2016-08-10","Summer","Low","West",3
"224",224," 08-11",94,69,82,11.5,66,69,73,0,17,541,1945,"RA","T","0.0","0",29.06,29.95,8.5,24,250,21,250,"2016-08-11","Summer","Medium","West",1
"225",225," 08-12",91,74,82,11.6,82,72,74,0,17,542,1943,"TS,RA,BR","1.08","0.0","0",28.92,29.84,6.1,30,280,21,280,"2016-08-12","Summer","Low","West",-3
"226",226," 08-13",86,70,78,7.7,80,70,73,0,13,543,1942,"TS,RA,BR","0.88","0.0","0",28.87,29.79,10.4,27,250,22,260,"2016-08-13","Summer","High","West",-5
"227",227," 08-14",83,66,74,3.8,75,65,68,0,9,544,1941,"FG,BR","0.00","0.0","0",29.08,30.02,3.6,14,250,10,260,"2016-08-14","Summer","Low","West",-3
"228",228," 08-15",82,63,72,1.9,78,65,68,0,7,545,1939,"RA,BR","1.34","0.0","0",29.18,30.11,3.8,18,140,15,150,"2016-08-15","Summer","Low","South",-1
"229",229," 08-16",83,69,76,6,77,66,69,0,11,547,1938,"RA,BR","1.76","0.0","0",29.05,29.97,9.2,23,190,18,210,"2016-08-16","Summer","Medium","South",1
"230",230," 08-17",84,66,75,5.1,78,65,68,0,10,548,1936,"TS,RA,BR","0.20","0.0","0",29.13,30.05,7.1,31,330,25,320,"2016-08-17","Summer","Medium","North",1
"231",231," 08-18",84,62,73,3.2,71,64,67,0,8,549,1934,"BR","0.00","0.0","0",29.13,30.04,4.6,15,220,12,200,"2016-08-18","Summer","Low","South",0
"232",232," 08-19",82,68,75,5.3,75,66,69,0,10,550,1933,"BR","0.00","0.0","0",29,29.9,8,21,250,17,240,"2016-08-19","Summer","Medium","West",-2
"233",233," 08-20",82,67,74,4.4,80,67,69,0,9,551,1931,"RA,BR","0.58","0.0","0",28.8,29.7,10.1,28,200,22,270,"2016-08-20","Summer","Medium","West",0
"234",234," 08-21",73,59,66,-3.4,75,57,61,0,1,552,1930,"","0.09","0.0","0",28.87,29.84,10.2,31,310,23,290,"2016-08-21","Summer","High","West",-9
"235",235," 08-22",78,53,66,-3.3,65,53,58,0,1,553,1928,"","0.00","0.0","0",29.21,30.16,4.4,18,250,13,240,"2016-08-22","Summer","Low","West",5
"236",236," 08-23",80,57,68,-1.1,64,56,62,0,3,554,1927,"","0.00","0.0","0",29.29,30.22,7,21,200,17,220,"2016-08-23","Summer","Medium","South",2
"237",237," 08-24",82,63,72,3.1,77,65,68,0,7,555,1925,"BR","T","0.0","0",29.11,30.02,10,26,180,21,190,"2016-08-24","Summer","Medium","South",2
"238",238," 08-25",83,63,73,4.2,78,67,69,0,8,556,1923,"TS,RA,BR","0.10","0.0","0",29.05,29.98,9.1,21,250,16,270,"2016-08-25","Summer","Medium","West",1
"239",239," 08-26",82,61,72,3.4,70,60,64,0,7,557,1922,"","0.00","0.0","0",29.18,30.13,4.1,20,270,14,260,"2016-08-26","Summer","Low","West",-1
"240",240," 08-27",78,62,70,1.6,85,65,66,0,5,558,1920,"TS,RA,BR","0.38","0.0","0",29.18,30.11,6.4,28,310,22,320,"2016-08-27","Summer","Low","North",-4
"241",241," 08-28",84,67,76,7.9,77,67,70,0,11,559,1918,"BR","0.00","0.0","0",29.23,30.17,4.9,21,280,13,290,"2016-08-28","Summer","Low","West",6
"242",242," 08-29",85,61,73,5.1,74,64,67,0,8,601,1917,"BR,HZ","0.00","0.0","0",29.31,30.24,2.6,14,100,10,110,"2016-08-29","Summer","Low","East",1
"243",243," 08-30",83,69,76,8.3,77,66,68,0,11,602,1915,"TS,RA,BR","0.05","0.0","0",29.2,30.11,5.5,18,260,15,270,"2016-08-30","Summer","Low","West",-2
"244",244," 08-31",77,61,69,1.6,72,61,65,0,4,603,1913,"TS,RA,BR,HZ","0.17","0.0","0",29.1,30.02,6.9,19,20,14,50,"2016-08-31","Summer","Medium","East",-6
"245",245," 09-01",73,56,64,-3.2,71,54,58,1,0,604,1911,"","0.00","0.0","0",29.2,30.15,8,23,10,17,10,"2016-09-01","Summer","Medium","North",-4
"246",246," 09-02",74,51,62,-4.9,70,52,57,3,0,605,1910,"","0.00","0.0","0",29.32,30.26,6.3,19,40,15,60,"2016-09-02","Summer","Low","East",1
"247",247," 09-03",77,49,63,-3.6,72,53,57,2,0,606,1908,"","0.00","0.0","0",29.3,30.24,2.5,13,100,9,140,"2016-09-03","Summer","Low","South",3
"248",248," 09-04",79,50,64,-2.3,68,55,59,1,0,607,1906,"FG,BR","0.00","0.0","0",29.29,30.23,4.2,16,130,13,210,"2016-09-04","Summer","Low","South",2
"249",249," 09-05",85,60,72,6,65,61,66,0,7,608,1905,"","0.00","0.0","0",29.23,30.15,7.7,23,180,18,190,"2016-09-05","Summer","Medium","South",6
"250",250," 09-06",90,73,82,16.3,70,70,73,0,17,609,1903,"","0.00","0.0","0",29.15,30.05,10.6,23,240,20,210,"2016-09-06","Summer","High","South",5
"251",251," 09-07",86,70,78,12.7,82,71,73,0,13,610,1901,"TS,RA,BR","0.23","0.0","0",29.07,29.97,5.4,21,300,16,310,"2016-09-07","Summer","Low","West",-4
"252",252," 09-08",80,67,74,9,85,69,71,0,9,611,1859,"RA,BR","0.27","0.0","0",28.92,29.85,9.7,28,280,23,260,"2016-09-08","Summer","Medium","West",-6
"253",253," 09-09",80,65,72,7.4,83,67,68,0,7,612,1857,"RA,FG,BR","0.04","0.0","0",29.03,29.95,3.4,13,190,10,140,"2016-09-09","Summer","Low","South",0
"254",254," 09-10",73,58,66,1.7,82,61,64,0,1,613,1856,"RA,BR,HZ","0.22","0.0","0",28.9,29.83,10.7,39,270,32,260,"2016-09-10","Summer","High","West",-7
"255",255," 09-11",72,53,62,-1.9,66,50,55,3,0,615,1854,"","0.00","0.0","0",29.21,30.17,4.3,12,310,9,260,"2016-09-11","Summer","Low","West",-1
"256",256," 09-12",76,54,65,1.5,64,52,58,0,0,616,1852,"","0.00","0.0","0",29.21,30.14,7.9,23,170,16,190,"2016-09-12","Summer","Medium","South",4
"257",257," 09-13",82,57,70,6.9,72,59,63,0,5,617,1850,"TS","0.00","0.0","0",29.13,30.06,7.4,27,100,16,230,"2016-09-13","Summer","Medium","West",6
"258",258," 09-14",73,56,64,1.3,70,53,58,1,0,618,1849,"RA","0.03","0.0","0",29.28,30.23,6,17,360,14,360,"2016-09-14","Summer","Low","North",-9
"259",259," 09-15",73,49,61,-1.3,67,49,54,4,0,619,1847,"","0.00","0.0","0",29.33,30.26,3.8,23,60,14,70,"2016-09-15","Summer","Low","East",0
"260",260," 09-16",79,53,66,4.1,67,56,61,0,1,620,1845,"","0.00","0.0","0",29.15,30.06,9.4,21,180,16,150,"2016-09-16","Summer","Medium","South",6
"261",261," 09-17",78,64,71,9.5,83,64,66,0,6,621,1843,"RA,BR","0.64","0.0","0",28.98,29.9,8.6,20,220,16,250,"2016-09-17","Summer","Medium","West",-1
"262",262," 09-18",78,57,68,6.9,77,59,62,0,3,622,1841,"BR","0.00","0.0","0",29.03,29.97,4.2,18,290,14,280,"2016-09-18","Summer","Low","West",0
"263",263," 09-19",83,53,68,7.3,64,55,61,0,3,623,1840,"BR","0.00","0.0","0",29.1,30.03,6.2,21,200,17,200,"2016-09-19","Summer","Low","South",5
"264",264," 09-20",82,57,70,9.7,60,54,61,0,5,624,1838,"RA","T","0.0","0",29.21,30.15,3.2,18,310,14,310,"2016-09-20","Summer","Low","West",-1
"265",265," 09-21",81,54,68,8.2,80,60,63,0,3,625,1836,"TS,RA,FG,BR","0.05","0.0","0",29.23,30.17,4.1,36,290,28,290,"2016-09-21","Summer","Low","West",-1
"266",266," 09-22",83,61,72,12.6,74,62,66,0,7,626,1834,"FG,BR","0.00","0.0","0",29.15,30.07,3.6,15,220,13,220,"2016-09-22","Fall","Low","South",2
"267",267," 09-23",71,58,64,5,82,59,61,1,0,628,1832,"FG,BR,HZ","0.00","0.0","0",29.16,30.11,7.5,22,10,18,10,"2016-09-23","Fall","Medium","North",-12
"268",268," 09-24",69,51,60,1.4,71,49,54,5,0,629,1831,"","0.00","0.0","0",29.29,30.24,6.7,18,60,14,60,"2016-09-24","Fall","Medium","East",-2
"269",269," 09-25",75,49,62,3.9,62,49,55,3,0,630,1829,"","0.00","0.0","0",29.21,30.11,8.7,24,150,18,150,"2016-09-25","Fall","Medium","South",6
"270",270," 09-26",68,51,60,2.3,65,49,55,5,0,631,1827,"RA,BR","0.18","0.0","0",28.95,29.88,12,35,250,29,250,"2016-09-26","Fall","High","West",-7
"271",271," 09-27",66,50,58,0.7,59,42,50,7,0,632,1825,"RA","T","0.0","0",28.84,29.77,12.4,36,250,28,260,"2016-09-27","Fall","High","West",-2
"272",272," 09-28",66,48,57,0.1,77,49,52,8,0,633,1824,"RA","0.02","0.0","0",28.97,29.93,8.3,23,50,18,60,"2016-09-28","Fall","Medium","East",0
"273",273," 09-29",61,55,58,1.5,90,56,57,7,0,634,1822,"RA,BR","1.22","0.0","0",29.21,30.17,12.4,27,50,20,50,"2016-09-29","Fall","High","East",-5
"274",274," 09-30",61,58,60,3.9,90,56,57,5,0,635,1820,"TS,RA,BR","0.45","0.0","0",29.23,30.16,10.3,22,40,17,20,"2016-09-30","Fall","High","North",0
"275",275," 10-01",68,50,59,3.3,85,54,56,6,0,636,1818,"TS,RA,BR","0.24","0.0","0",29.11,30.04,7,24,190,18,190,"2016-10-01","Fall","Medium","South",7
"276",276," 10-02",69,50,60,4.8,82,52,55,5,0,637,1817,"FG,BR,HZ","0.00","0.0","0",29.08,30.03,3.4,12,260,8,320,"2016-10-02","Fall","Low","North",1
"277",277," 10-03",67,51,59,4.1,85,54,56,6,0,639,1815,"FG,BR","T","0.0","0",29.16,30.11,3.7,13,140,9,160,"2016-10-03","Fall","Low","South",-2
"278",278," 10-04",74,49,62,7.5,75,53,57,3,0,640,1813,"BR,HZ","0.00","0.0","0",29.21,30.15,8.2,22,150,17,120,"2016-10-04","Fall","Medium","East",7
"279",279," 10-05",80,60,70,15.9,77,59,62,0,5,641,1811,"TS,RA,FG,BR","0.62","0.0","0",29.13,30.05,9.9,43,260,33,260,"2016-10-05","Fall","Medium","West",6
"280",280," 10-06",79,56,68,14.3,82,62,64,0,3,642,1810,"RA,FG,BR","0.01","0.0","0",29.2,30.13,4.8,18,180,15,180,"2016-10-06","Fall","Low","South",-1
"281",281," 10-07",82,50,66,12.7,69,55,60,0,1,643,1808,"RA","T","0.0","0",29.12,30.06,12.4,32,280,25,270,"2016-10-07","Fall","High","West",3
"282",282," 10-08",58,41,50,-2.9,66,37,43,15,0,644,1806,"RA","0.00","0.0","0",29.25,30.22,9.2,29,270,24,270,"2016-10-08","Fall","Medium","West",-24
"283",283," 10-09",61,37,49,-3.6,69,37,43,16,0,645,1805,"","0.00","0.0","0",29.41,30.38,2.5,16,350,12,20,"2016-10-09","Fall","Low","North",3
"284",284," 10-10",64,37,50,-2.2,68,41,46,15,0,647,1803,"","0.00","0.0","0",29.44,30.39,6.2,16,150,13,150,"2016-10-10","Fall","Low","South",3
"285",285," 10-11",71,51,61,9.1,62,47,53,4,0,648,1801,"","0.00","0.0","0",29.3,30.22,9.4,21,170,15,170,"2016-10-11","Fall","Medium","South",7
"286",286," 10-12",73,50,62,10.5,74,52,55,3,0,649,1800,"TS,RA,BR","0.44","0.0","0",29.05,29.99,11.2,44,240,30,240,"2016-10-12","Fall","High","West",2
"287",287," 10-13",57,38,48,-3.2,71,38,44,17,0,650,1758,"","0.00","0.0","0",29.28,30.25,6.3,22,320,16,320,"2016-10-13","Fall","Low","North",-16
"288",288," 10-14",62,34,48,-2.8,69,38,44,17,0,651,1756,"","0.00","0.0","0",29.36,30.3,5.5,18,160,14,150,"2016-10-14","Fall","Low","South",5
"289",289," 10-15",70,46,58,7.5,75,51,55,7,0,653,1755,"BR","0.00","0.0","0",29.13,30.06,12,26,210,21,210,"2016-10-15","Fall","High","South",8
"290",290," 10-16",68,62,65,14.8,88,61,62,0,0,654,1753,"TS,RA,BR","1.01","0.0","0",29.02,29.93,8.1,30,210,24,210,"2016-10-16","Fall","Medium","South",-2
"291",291," 10-17",77,63,70,20.2,76,62,65,0,5,655,1751,"RA,BR","T","0.0","0",28.82,29.7,12.4,34,210,25,190,"2016-10-17","Fall","High","South",9
"292",292," 10-18",77,51,64,14.5,70,58,62,1,0,656,1750,"","0.00","0.0","0",28.72,29.67,14.6,36,210,28,260,"2016-10-18","Fall","High","West",0
"293",293," 10-19",72,47,60,10.8,71,48,53,5,0,657,1748,"BR","0.01","0.0","0",29.13,30.08,3.3,21,230,13,290,"2016-10-19","Fall","Low","West",-5
"294",294," 10-20",56,49,52,3.1,80,48,51,13,0,659,1747,"RA","T","0.0","0",29.14,30.08,7.1,21,360,16,360,"2016-10-20","Fall","Medium","North",-16
"295",295," 10-21",51,41,46,-2.6,65,35,41,19,0,700,1745,"","T","0.0","0",29.13,30.08,8.8,23,20,16,10,"2016-10-21","Fall","Medium","North",-5
"296",296," 10-22",55,35,45,-3.2,67,35,41,20,0,701,1744,"","0.00","0.0","0",29.08,30.04,8.6,25,290,20,290,"2016-10-22","Fall","Medium","West",4
"297",297," 10-23",68,40,54,6.1,67,43,48,11,0,702,1742,"BR","0.00","0.0","0",28.98,29.93,7,24,360,17,20,"2016-10-23","Fall","Medium","North",13
"298",298," 10-24",55,36,46,-1.6,65,36,42,19,0,703,1741,"","0.00","0.0","0",29.29,30.28,8.6,23,320,17,300,"2016-10-24","Fall","Medium","West",-13
"299",299," 10-25",54,31,42,-5.3,70,32,37,23,0,705,1739,"","0.00","0.0","0",29.48,30.45,2.7,17,310,13,290,"2016-10-25","Fall","Low","West",-1
"300",300," 10-26",40,34,37,-10,86,34,36,28,0,706,1738,"RA,BR","0.62","T","0",29.4,30.33,10.4,29,110,24,100,"2016-10-26","Fall","High","East",-14
"301",301," 10-27",45,34,40,-6.7,87,38,40,25,0,707,1737,"RA,BR","0.15","0.0","0",29.16,30.14,6.4,19,350,14,330,"2016-10-27","Fall","Low","North",5
"302",302," 10-28",58,31,44,-2.3,75,40,44,21,0,708,1735,"BR","0.00","0.0","0",29.24,30.17,9.5,28,210,22,200,"2016-10-28","Fall","Medium","South",13
"303",303," 10-29",70,54,62,16,76,55,58,3,0,710,1734,"BR","0.00","0.0","0",28.97,29.91,12.7,33,220,23,220,"2016-10-29","Fall","High","South",12
"304",304," 10-30",54,37,46,0.3,79,40,44,19,0,711,1732,"RA","0.10","0.0","0",29.17,30.14,6.3,18,350,14,360,"2016-10-30","Fall","Low","North",-16
"305",305," 10-31",54,30,42,-3.4,73,35,40,23,0,712,1731,"BR","0.00","0.0","0",29.23,30.17,7.7,23,150,17,150,"2016-10-31","Fall","Medium","South",0
"306",306," 11-01",77,48,62,17,66,52,NA,3,0,713,1730,"","T","0.0","0",29,NA,10.4,26,160,21,250,"2016-11-01","Fall","High","West",23
"307",307," 11-02",64,53,58,13.3,83,56,NA,7,0,715,1729,"TS,RA,FG,BR","1.35","0.0","0",29.18,NA,4.6,18,320,16,320,"2016-11-02","Fall","Low","North",-13
"308",308," 11-03",58,45,52,7.6,80,47,NA,13,0,716,1727,"RA,BR","0.20","0.0","0",29.21,NA,6.4,21,350,16,350,"2016-11-03","Fall","Low","North",-6
"309",309," 11-04",57,35,46,2,72,38,NA,19,0,717,1726,"BR","0.00","0.0","0",29.42,NA,5.7,15,280,13,280,"2016-11-04","Fall","Low","West",-1
"310",310," 11-05",67,40,54,10.3,69,43,NA,11,0,719,1725,"BR","0.00","0.0","0",29.35,NA,7.7,19,260,16,280,"2016-11-05","Fall","Medium","West",10
"311",311," 11-06",68,34,51,7.7,67,39,NA,14,0,720,1724,"FG,BR,HZ","0.00","0.0","0",29.41,NA,2.9,12,180,9,170,"2016-11-06","Fall","Low","South",1
"312",312," 11-07",67,39,53,10.1,68,41,NA,12,0,721,1723,"FG,BR","0.00","0.0","0",29.39,NA,3.5,17,180,14,180,"2016-11-07","Fall","Low","South",-1
"313",313," 11-08",59,44,52,9.4,73,43,NA,13,0,722,1721,"RA","T","0.0","0",29.19,NA,10.2,27,340,20,250,"2016-11-08","Fall","High","West",-8
"314",314," 11-09",56,40,48,5.8,59,34,NA,17,0,724,1720,"","0.00","0.0","0",29.26,NA,8.8,25,20,18,360,"2016-11-09","Fall","Medium","North",-3
"315",315," 11-10",64,40,52,10.2,53,35,NA,13,0,725,1719,"","0.00","0.0","0",29.06,NA,14.8,37,240,29,250,"2016-11-10","Fall","High","West",8
"316",316," 11-11",54,31,42,0.6,54,29,NA,23,0,726,1718,"","0.00","0.0","0",29.21,NA,9.2,28,10,21,30,"2016-11-11","Fall","Medium","North",-10
"317",317," 11-12",49,25,37,-4.1,63,26,NA,28,0,727,1717,"","0.00","0.0","0",29.43,NA,7.1,21,260,17,260,"2016-11-12","Fall","Medium","West",-5
"318",318," 11-13",57,35,46,5.3,55,28,NA,19,0,729,1716,"","0.00","0.0","0",29.18,NA,13.2,27,220,21,230,"2016-11-13","Fall","High","West",8
"319",319," 11-14",58,39,48,7.7,59,33,NA,17,0,730,1715,"","0.00","0.0","0",29,NA,8.3,20,220,15,210,"2016-11-14","Fall","Medium","South",1
"320",320," 11-15",60,36,48,8.1,72,40,NA,17,0,731,1715,"BR,HZ","0.00","0.0","0",28.94,NA,5.1,23,290,17,280,"2016-11-15","Fall","Low","West",2
"321",321," 11-16",57,35,46,6.5,75,40,NA,19,0,732,1714,"FG,BR,HZ","0.00","0.0","0",28.97,NA,3.9,15,260,13,250,"2016-11-16","Fall","Low","West",-3
"322",322," 11-17",65,35,50,10.9,70,42,NA,15,0,734,1713,"BR,HZ","0.00","0.0","0",29,NA,11.1,27,180,22,160,"2016-11-17","Fall","High","South",8
"323",323," 11-18",72,48,60,21.3,66,49,NA,5,0,735,1712,"TS,RA,BR","0.30","0.0","0",28.9,NA,13.9,44,210,33,220,"2016-11-18","Fall","High","South",7
"324",324," 11-19",48,31,40,1.8,71,27,NA,25,0,736,1711,"SN,UP,HZ","T","T","0",28.95,NA,19.2,39,310,29,310,"2016-11-19","Fall","High","West",-24
"325",325," 11-20",32,28,30,-7.8,59,18,NA,35,0,737,1711,"","0.00","T","0",29.21,NA,14.7,32,320,24,300,"2016-11-20","Fall","High","West",-16
"326",326," 11-21",38,24,31,-6.4,59,17,NA,34,0,739,1710,"","0.00","0.0","0",29.26,NA,9.8,26,320,20,320,"2016-11-21","Fall","Medium","North",6
"327",327," 11-22",40,20,30,-7,66,19,NA,35,0,740,1709,"","0.00","0.0","0",29.36,NA,3.3,12,20,9,20,"2016-11-22","Fall","Low","North",2
"328",328," 11-23",38,25,32,-4.6,78,30,NA,33,0,741,1709,"RA,FZRA,BR,UP","0.50","T","0",29.22,NA,9.8,23,120,17,110,"2016-11-23","Fall","Medium","East",-2
"329",329," 11-24",44,38,41,4.8,88,38,NA,24,0,742,1708,"RA,BR","0.05","0.0","0",29.11,NA,8.6,21,260,16,270,"2016-11-24","Fall","Medium","West",6
"330",330," 11-25",41,37,39,3.3,83,35,NA,26,0,743,1708,"RA,BR","0.04","0.0","0",29.27,NA,9.3,16,240,13,250,"2016-11-25","Fall","Medium","West",-3
"331",331," 11-26",40,32,36,0.7,77,31,NA,29,0,744,1707,"","0.00","0.0","0",29.29,NA,8.4,22,260,17,260,"2016-11-26","Fall","Medium","West",-1
"332",332," 11-27",46,30,38,3.1,81,32,NA,27,0,746,1707,"BR,HZ","0.00","0.0","0",29.15,NA,6.9,17,200,13,200,"2016-11-27","Fall","Medium","South",6
"333",333," 11-28",50,37,44,9.5,78,38,NA,21,0,747,1706,"RA,BR","0.49","0.0","0",28.78,NA,16.1,40,160,30,160,"2016-11-28","Fall","High","South",4
"334",334," 11-29",58,47,52,17.9,67,42,NA,13,0,748,1706,"TS,RA,HZ","0.23","0.0","0",28.58,NA,13.5,49,160,36,160,"2016-11-29","Fall","High","South",8
"335",335," 11-30",52,37,44,10.3,76,38,NA,21,0,749,1705,"BR","T","0.0","0",28.66,NA,9.8,30,250,24,250,"2016-11-30","Fall","Medium","West",-6
"336",336," 12-01",42,35,38,4.7,82,33,36,27,0,750,1705,"RA,BR","0.01","T","0",28.77,29.76,12.8,27,210,20,250,"2016-12-01","Fall","High","West",-10
"337",337," 12-02",39,35,37,4.1,72,28,33,28,0,751,1705,"RA","T","0.0","0",29.1,30.11,11.2,26,290,21,310,"2016-12-02","Fall","High","West",-3
"338",338," 12-03",37,35,36,3.5,73,28,32,29,0,752,1705,"","T","T","0",29.33,30.31,6.2,15,260,13,270,"2016-12-03","Fall","Low","West",-2
"339",339," 12-04",37,32,34,1.9,77,27,32,31,0,753,1705,"SN,FG,BR","0.36","2.5","0",29.17,30.1,5.9,18,140,15,140,"2016-12-04","Fall","Low","South",0
"340",340," 12-05",39,27,33,1.3,83,29,32,32,0,754,1704,"SN,BR","T","T","2",29.03,30.01,8.6,22,260,16,220,"2016-12-05","Fall","Medium","South",2
"341",341," 12-06",42,23,32,0.7,80,29,32,33,0,755,1704,"BR","0.00","0.0","T",28.9,29.85,9.2,29,260,23,250,"2016-12-06","Fall","Medium","West",3
"342",342," 12-07",38,30,34,3.1,62,21,29,31,0,756,1704,"","0.00","0.0","0",29.01,29.99,17.1,35,260,25,270,"2016-12-07","Fall","High","West",-4
"343",343," 12-08",30,25,28,-2.6,75,19,24,37,0,757,1704,"SN,BR","0.04","1.0","0",29.19,30.14,16.7,34,250,26,260,"2016-12-08","Fall","High","West",-8
"344",344," 12-09",30,23,26,-4.2,75,19,24,39,0,758,1704,"SN,BR","0.01","0.2","1",29.41,30.4,10.2,22,270,17,290,"2016-12-09","Fall","High","West",0
"345",345," 12-10",26,20,23,-6.9,78,17,21,42,0,759,1704,"SN,BR","0.04","1.1","1",29.46,30.44,8.6,21,260,17,260,"2016-12-10","Fall","Medium","West",-4
"346",346," 12-11",30,22,26,-3.5,86,22,24,39,0,759,1704,"SN,FZFG,BR,FG","0.55","7.4","4",29.11,30.08,10.3,23,150,17,160,"2016-12-11","Fall","High","South",4
"347",347," 12-12",34,22,28,-1.2,76,23,27,37,0,800,1705,"SN,BR","0.04","T","10",28.91,29.94,13.8,33,260,26,260,"2016-12-12","Fall","High","West",4
"348",348," 12-13",27,9,18,-10.9,75,12,17,47,0,801,1705,"SN,BR,HZ","0.02","0.2","9",29.11,30.1,10.8,27,260,22,270,"2016-12-13","Fall","High","West",-7
"349",349," 12-14",21,9,15,-13.5,72,8,13,50,0,802,1705,"SN,BR,UP,HZ","0.05","1.4","8",29.05,30.06,16.7,39,290,30,280,"2016-12-14","Fall","High","West",-6
"350",350," 12-15",17,3,10,-18.2,68,0,7,55,0,803,1705,"SN,UP","T","T","7",29.24,30.29,11.3,32,270,28,260,"2016-12-15","Fall","High","West",-4
"351",351," 12-16",18,7,12,-15.9,69,4,11,53,0,803,1706,"SN","0.20","1.6","5",29.26,30.2,9.4,20,140,17,140,"2016-12-16","Fall","Medium","South",1
"352",352," 12-17",26,16,21,-6.7,81,16,20,44,0,804,1706,"FZRA,SN,FZFG,BR,UP,HZ,FG","0.06","0.6","7",28.77,29.74,4.1,26,90,14,140,"2016-12-17","Fall","Low","South",8
"353",353," 12-18",21,8,14,-13.4,71,8,14,51,0,804,1706,"SN,BR","T","T","6",29.21,30.29,8.1,21,340,16,340,"2016-12-18","Fall","Medium","North",-5
"354",354," 12-19",14,8,11,-16.1,57,-1,9,54,0,805,1707,"SN","T","T","5",29.65,30.65,11.5,24,200,20,210,"2016-12-19","Fall","High","South",-7
"355",355," 12-20",31,9,20,-6.8,49,5,17,45,0,806,1707,"","0.00","0.0","5",29.25,30.21,17.3,42,210,33,240,"2016-12-20","Fall","High","West",17
"356",356," 12-21",33,20,26,-0.6,75,20,25,39,0,806,1708,"BR,HZ","0.00","0.0","5",29.11,30.07,9.7,35,110,18,150,"2016-12-21","Fall","Medium","South",2
"357",357," 12-22",39,29,34,7.6,71,26,31,31,0,807,1708,"","0.00","0.0","5",29.15,30.17,11,22,260,18,260,"2016-12-22","Winter","High","West",6
"358",358," 12-23",36,27,32,5.9,75,25,29,33,0,807,1709,"RA,FZRA,BR,UP,HZ","0.08","T","4",29.28,30.23,9.6,24,150,15,220,"2016-12-23","Winter","Medium","South",-3
"359",359," 12-24",38,34,36,10.1,83,31,33,29,0,807,1710,"RA,SN,BR,UP","0.07","T","4",29.18,30.19,7.3,17,190,15,190,"2016-12-24","Winter","Medium","South",2
"360",360," 12-25",36,33,34,8.3,80,29,32,31,0,808,1710,"RA,BR","0.05","0.0","3",29.48,30.45,12,29,140,22,110,"2016-12-25","Winter","High","East",-2
"361",361," 12-26",55,34,44,18.5,79,38,42,21,0,808,1711,"RA,BR,UP","0.18","0.0","T",29.03,29.95,19.8,48,250,35,250,"2016-12-26","Winter","High","West",19
"362",362," 12-27",34,27,30,4.7,71,20,26,35,0,808,1712,"","0.00","T","0",29.05,30.04,16.5,44,270,33,270,"2016-12-27","Winter","High","West",-21
"363",363," 12-28",39,26,32,6.9,66,22,29,33,0,809,1712,"","0.00","0.0","0",29.07,30,10.3,29,150,24,160,"2016-12-28","Winter","High","South",5
"364",364," 12-29",38,29,34,9.1,71,25,31,31,0,809,1713,"SN","T","0.1","0",28.75,29.72,16.7,37,260,29,270,"2016-12-29","Winter","High","West",-1
"365",365," 12-30",30,26,28,3.2,64,17,25,37,0,809,1714,"SN","T","T","0",28.95,29.92,14,30,290,23,260,"2016-12-30","Winter","High","West",-8
"366",366," 12-31",43,28,36,11.4,56,21,30,29,0,809,1715,"","0.00","0.0","0",28.7,29.66,16.4,35,240,26,250,"2016-12-31","Winter","High","West",13
