"dateYear","maxTemp","minTemp","avgTemp","tempDept","heatDays","coolDays","relHum","dewPoint","wetBulbTemp","sunrise","sunset","weatherType","precip","snow","snowDepth","stnPressure","seaPressure","windSpeed","windPeakSpeed","windPeakDir","windSusSpeed","windSusDir"
"01-01-2016",29,24,26,1.5,39,0,76,20,24,809,1715,"SN,BR","0.04","0.7","1",29.14,30.11,15.5,31,250,24,260
"01-02-2016",35,28,32,7.7,33,0,71,22,28,809,1716,"","0.00","0.0","1",29.02,29.97,14.6,30,230,23,230
"01-03-2016",33,25,29,4.8,36,0,66,20,27,809,1717,"SN","T","T","1",29.03,30.04,10,30,290,23,290
"01-04-2016",27,7,17,-7.1,48,0,78,13,18,809,1718,"SN,BR","T","0.2","1",29.4,30.45,7.7,21,40,17,30
"01-05-2016",29,8,18,-5.9,47,0,69,10,17,809,1719,"","0.00","0.0","1",29.58,30.56,7.6,21,210,16,200
"01-06-2016",36,20,28,4.2,37,0,63,16,23,809,1720,"","0.00","0.0","1",29.38,NA,7.6,20,200,15,210
"01-07-2016",42,28,35,11.3,30,0,59,21,29,809,1721,"","0.00","0.0","1",29.22,30.17,4.8,13,140,12,150
"01-08-2016",39,30,34,10.4,31,0,80,30,34,809,1722,"RA,BR","0.15","0.0","T",28.97,29.9,6.7,15,160,12,160
"01-09-2016",42,38,40,16.5,25,0,96,40,41,809,1723,"RA,FG,BR","0.53","0.0","T",28.84,29.77,7.3,17,220,13,220
"01-10-2016",38,16,27,3.5,38,0,78,18,23,808,1724,"RA,SN,BR,UP,BLSN","0.18","1.0","T",28.71,29.71,17.8,42,300,31,320
"01-11-2016",16,10,13,-10.4,52,0,75,6,11,808,1725,"SN,BR,BLSN","0.08","1.7","2",29,29.98,12.2,28,270,24,270
"01-12-2016",23,13,18,-5.3,47,0,75,11,16,808,1726,"SN,FZFG,BR,UP,HZ,BLSN,FG","0.08","1.6","4",28.79,29.76,18.2,36,270,28,270
"01-13-2016",18,12,15,-8.3,50,0,76,8,12,807,1727,"SN,BR,HZ","0.03","0.5","4",29.05,30,13.2,25,230,22,230
"01-14-2016",34,18,26,2.8,39,0,81,21,24,807,1729,"SN,BR,HZ","T","T","5",28.8,29.76,5.6,22,230,17,230
"01-15-2016",42,22,32,8.8,33,0,85,33,35,806,1730,"RA,FZFG,BR,FG","0.05","0.0","3",28.55,29.47,10.2,25,270,21,270
"01-16-2016",33,26,30,6.8,35,0,71,20,26,806,1731,"SN","T","T","T",28.74,29.74,13.8,29,290,21,300
"01-17-2016",26,9,18,-5.1,47,0,70,5,11,805,1732,"SN","T","T","T",28.94,29.94,15.5,31,280,24,270
"01-18-2016",15,7,11,-12.1,54,0,73,4,10,805,1733,"SN,BR,UP","0.01","0.2","T",29.13,30.15,13.1,31,290,25,290
"01-19-2016",21,5,13,-10.1,52,0,71,6,12,804,1735,"SN,HZ","T","T","T",29.4,30.42,7.6,19,270,14,270
"01-20-2016",22,12,17,-6.1,48,0,76,9,14,804,1736,"SN,BR,HZ","T","T","T",29.32,30.3,4.4,11,240,8,280
"01-21-2016",26,12,19,-4.1,46,0,81,17,20,803,1737,"SN,BR,HZ","0.01","0.1","T",29.35,30.35,5.5,17,260,13,250
"01-22-2016",29,18,24,0.9,41,0,76,17,22,802,1738,"BR,HZ","T","T","T",29.31,30.29,6.2,17,40,15,50
"01-23-2016",26,17,22,-1.1,43,0,78,16,21,801,1740,"SN,BR","T","0.1","T",29.21,30.18,6.3,20,30,15,40
"01-24-2016",32,15,24,0.9,41,0,74,19,24,801,1741,"HZ","0.00","0.0","T",29.05,30.02,8.3,26,220,21,220
"01-25-2016",40,26,33,9.8,32,0,75,26,31,800,1742,"RA,BR,UP,HZ","0.02","0.0","T",28.96,29.89,10.8,24,180,18,190
"01-26-2016",43,29,36,12.8,29,0,82,30,33,759,1743,"RA,SN,BR,UP,HZ","0.10","1.4","0",28.87,29.86,18.2,36,250,30,240
"01-27-2016",29,24,26,2.7,39,0,76,21,25,758,1745,"SN,BR","0.01","0.2","2",29.15,30.1,13.3,30,190,24,180
"01-28-2016",34,26,30,6.7,35,0,77,24,28,757,1746,"SN,BR,UP,HZ","0.04","0.1","1",28.71,29.65,14.1,32,200,23,220
"01-29-2016",29,20,24,0.6,41,0,62,13,21,756,1747,"SN","T","T","1",28.92,29.9,10.7,31,310,22,310
"01-30-2016",47,29,38,14.5,27,0,69,28,34,755,1749,"","0.00","0.0","1",28.76,29.7,10.8,28,200,22,200
"01-31-2016",49,38,44,20.5,21,0,87,40,42,754,1750,"RA,BR","0.12","0.0","0",28.67,29.61,10,26,280,21,260
"02-01-2016",44,25,34,10.4,31,0,75,30,NA,753,1751,"BR,UP,HZ","T","0.0","0",29,NA,6.2,24,270,17,290
"02-02-2016",39,23,31,7.3,34,0,80,26,NA,752,1753,"RA,PL,FZFG,BR,UP,FG","0.43","T","0",29.11,NA,8.5,34,90,25,100
"02-03-2016",44,31,38,14.2,27,0,85,34,NA,751,1754,"RA,SN,FG,BR","0.07","0.1","0",28.65,NA,13.5,39,210,32,220
"02-04-2016",32,20,26,2.1,39,0,80,24,NA,750,1755,"FZRA,SN,BR,UP","0.12","2.2","1",29.15,NA,7.9,20,260,17,270
"02-05-2016",35,18,26,1.9,39,0,72,22,NA,749,1757,"SN,BR","0.01","0.2","2",29.34,NA,7.3,16,280,13,270
"02-06-2016",37,20,28,3.8,37,0,66,20,NA,748,1758,"BR,HZ","0.00","0.0","1",29.28,NA,9.4,25,240,21,210
"02-07-2016",47,32,40,15.7,25,0,63,28,NA,746,1759,"","0.00","0.0","0",28.94,NA,11.4,30,210,23,200
"02-08-2016",40,29,34,9.5,31,0,76,28,NA,745,1801,"SN","T","T","0",28.69,NA,6.8,17,290,14,300
"02-09-2016",33,22,28,3.4,37,0,80,24,NA,744,1802,"SN,BR","0.07","0.8","1",28.69,NA,12.9,27,300,20,290
"02-10-2016",22,11,16,-8.8,49,0,65,9,NA,743,1803,"SN,HZ","0.01","0.2","1",28.9,NA,13.8,28,290,24,300
"02-11-2016",23,10,16,-9,49,0,62,5,NA,741,1805,"","0.00","T","1",29.21,NA,8.9,24,300,18,310
"02-12-2016",22,6,14,-11.1,51,0,70,9,NA,740,1806,"SN,UP","0.02","0.4","1",29.13,NA,14.5,33,310,25,310
"02-13-2016",15,2,8,-17.3,57,0,65,-2,NA,739,1807,"","T","T","2",29.44,NA,9.5,29,300,22,300
"02-14-2016",18,0,9,-16.5,56,0,70,1,NA,737,1809,"SN","T","T","2",29.41,NA,8.1,24,130,18,140
"02-15-2016",26,15,20,-5.7,45,0,83,16,NA,736,1810,"SN,BR","0.02","0.2","2",29.02,NA,6.9,19,130,15,130
"02-16-2016",29,25,27,1.1,38,0,84,23,NA,734,1811,"SN,BR,HZ","0.06","1.2","2",28.87,NA,3.8,13,290,12,290
"02-17-2016",30,11,20,-6.2,45,0,69,18,NA,733,1812,"SN,BR","T","T","3",29.16,NA,5.9,19,300,16,320
"02-18-2016",34,4,19,-7.4,46,0,68,13,NA,732,1814,"","0.00","0.0","2",29.44,NA,10.7,30,140,22,160
"02-19-2016",60,33,46,19.4,19,0,60,33,NA,730,1815,"","T","T","1",28.82,NA,24.6,61,230,47,240
"02-20-2016",54,38,46,19.1,19,0,54,31,NA,729,1816,"","0.00","0.0","0",28.84,NA,15.8,40,260,31,250
"02-21-2016",41,32,36,8.9,29,0,75,30,NA,727,1818,"","0.00","0.0","0",29.1,NA,6.3,19,40,15,30
"02-22-2016",40,29,34,6.6,31,0,70,23,NA,726,1819,"","0.00","0.0","0",29.23,NA,8,21,130,17,130
"02-23-2016",45,22,34,6.3,31,0,60,20,NA,724,1820,"","0.00","0.0","0",29.2,NA,6.5,15,110,13,100
"02-24-2016",32,28,30,2.1,35,0,85,27,NA,723,1821,"SN,FG,FZFG,BR","0.65","7.0","0",28.73,NA,18.9,35,10,29,10
"02-25-2016",34,24,29,0.8,36,0,81,24,NA,721,1823,"SN,BR,UP","0.12","3.4","10",28.74,NA,16.5,33,310,25,310
"02-26-2016",32,18,25,-3.5,40,0,64,16,NA,719,1824,"","0.00","T","8",29.19,NA,8.8,21,270,17,270
"02-27-2016",44,25,34,5.2,31,0,63,24,NA,718,1825,"","0.00","0.0","8",28.98,NA,15.4,31,240,26,230
"02-28-2016",56,36,46,16.9,19,0,74,38,NA,716,1826,"RA,BR","0.13","0.0","6",28.66,NA,16.8,35,230,26,220
"02-29-2016",44,24,34,4.7,31,0,66,23,NA,715,1828,"SN,BR,UP","T","T","T",28.85,NA,16.2,46,270,36,260
"03-01-2016",24,19,22,-7.4,43,0,84,17,20,713,1829,"SN,FZFG,BR,FG,PL","0.59","7.2","2",28.94,29.9,13.1,35,330,24,330
"03-02-2016",27,11,19,-10.8,46,0,65,9,17,711,1830,"SN,BR","T","T","7",29.11,30.12,9.7,24,260,20,260
"03-03-2016",28,9,18,-12.1,47,0,78,14,19,710,1831,"SN,BR","0.04","0.7","7",29.18,30.16,3.7,12,40,10,30
"03-04-2016",34,5,20,-10.4,45,0,62,11,19,708,1833,"SN,FZFG,BR,FG","T","T","7",29.21,30.2,2.2,13,200,9,280
"03-05-2016",33,24,28,-2.8,37,0,84,24,27,706,1834,"SN,FZFG,BR,HZ,FG","0.09","1.0","8",29.16,30.15,5.4,13,140,10,140
"03-06-2016",41,14,28,-3.1,37,0,80,23,27,705,1835,"FZFG,BR,HZ,FG","0.00","0.0","8",29.25,30.19,8.2,25,190,21,190
"03-07-2016",58,41,50,18.5,15,0,65,37,43,703,1836,"","0.00","0.0","7",29,29.95,10.9,27,210,22,210
"03-08-2016",70,49,60,28.2,5,0,61,46,52,701,1837,"","0.00","0.0","T",29,29.94,12,32,210,25,210
"03-09-2016",68,56,62,29.8,3,0,72,52,56,659,1839,"RA","T","0.0","0",28.97,29.9,11,33,220,26,220
"03-10-2016",57,41,49,16.4,16,0,81,44,47,658,1840,"RA,BR","T","0.0","0",29.08,30.04,6.5,19,310,15,310
"03-11-2016",55,31,43,10.1,22,0,68,32,38,656,1841,"","0.00","0.0","0",29.36,30.34,4.1,18,170,14,170
"03-12-2016",59,29,44,10.7,21,0,71,36,41,654,1842,"FG,BR","0.00","0.0","0",29.24,30.17,2.5,13,180,10,190
"03-13-2016",49,44,46,12.3,19,0,85,41,44,653,1843,"RA,BR","1.01","0.0","0",28.99,29.9,9.2,23,110,17,110
"03-14-2016",52,45,48,13.9,17,0,89,46,48,651,1845,"RA,BR","0.04","0.0","0",28.74,29.7,7.3,17,250,14,270
"03-15-2016",57,41,49,14.5,16,0,81,43,45,649,1846,"RA,FG,BR","0.04","0.0","0",28.86,29.79,8.1,26,190,21,90
"03-16-2016",56,46,51,16.1,14,0,63,37,44,647,1847,"RA,BR","0.08","0.0","0",28.64,29.57,21.6,56,250,41,240
"03-17-2016",50,33,42,6.7,23,0,53,28,37,646,1848,"RA","T","0.0","0",28.83,29.79,15.9,43,270,33,260
"03-18-2016",48,29,38,2.3,27,0,73,28,33,644,1849,"","0.00","T","0",29.05,30.05,5.5,18,40,14,30
"03-19-2016",40,25,32,-4.1,33,0,61,20,28,642,1850,"","0.00","0.0","0",29.24,30.22,9.2,23,30,16,40
"03-20-2016",43,22,32,-4.5,33,0,57,18,27,640,1852,"","0.00","0.0","0",29.19,30.15,7.1,19,280,15,270
"03-21-2016",45,27,36,-0.9,29,0,51,18,30,639,1853,"","0.00","0.0","0",29.15,30.11,7.8,23,290,17,270
"03-22-2016",60,33,46,8.6,19,0,54,30,39,637,1854,"RA","T","0.0","0",28.92,29.83,7.7,26,220,21,230
"03-23-2016",47,33,40,2.2,25,0,88,33,35,635,1855,"RA,BR,UP","0.14","0.0","0",28.97,29.94,12.9,26,40,21,60
"03-24-2016",39,29,34,-4.2,31,0,93,33,34,633,1856,"RA,SN,BR,UP","0.64","T","0",28.71,29.64,10.2,23,350,18,330
"03-25-2016",44,26,35,-3.6,30,0,71,25,30,632,1857,"","0.00","T","0",29.03,30.05,6.5,22,320,16,320
"03-26-2016",52,26,39,-0.1,26,0,68,29,35,630,1859,"BR","0.00","0.0","0",29.26,30.23,7.5,17,150,14,150
"03-27-2016",70,34,52,12.5,13,0,62,37,44,628,1900,"RA","0.06","0.0","0",29.04,29.94,10,28,200,21,290
"03-28-2016",46,34,40,0.1,25,0,81,36,39,626,1901,"RA,BR","0.29","0.0","0",28.94,29.94,12.3,32,290,23,310
"03-29-2016",51,29,40,-0.3,25,0,59,25,34,624,1902,"","0.00","0.0","0",29.32,30.29,4.7,14,20,10,140
"03-30-2016",61,35,48,7.2,17,0,59,34,43,623,1903,"RA","0.06","0.0","0",29.04,29.92,13.5,34,190,25,190
"03-31-2016",63,43,53,11.8,12,0,85,51,53,621,1904,"TS,RA,BR","1.17","0.0","0",28.51,29.42,17.3,43,190,32,190
"04-01-2016",49,34,42,0.4,23,0,67,31,37,619,1905,"RA,BR","0.01","0.0","0",28.71,29.67,12.6,27,250,22,290
"04-02-2016",38,25,32,-10,33,0,75,25,29,618,1907,"SN,FG,FZFG,BR,UP,HZ","0.16","1.7","T",28.68,29.65,10.4,36,340,24,340
"04-03-2016",52,20,36,-6.5,29,0,69,24,30,616,1908,"RA,SN","0.04","T","1",28.92,29.86,10.9,27,180,21,190
"04-04-2016",33,24,28,-14.9,37,0,75,22,27,614,1909,"SN,BR,HZ","T","T","0",29.07,30.11,11.6,28,340,22,30
"04-05-2016",42,19,30,-13.3,35,0,56,16,26,612,1910,"HZ","0.01","T","0",29.44,30.4,6.8,29,130,22,130
"04-06-2016",47,32,40,-3.7,25,0,78,33,37,611,1911,"RA,BR,HZ","0.06","T","0",28.79,29.68,12.6,28,150,22,150
"04-07-2016",39,31,35,-9.2,30,0,84,30,33,609,1912,"RA,SN,FG,BR","0.18","0.2","0",28.59,29.57,10.7,29,320,22,310
"04-08-2016",40,26,33,-11.6,32,0,74,24,29,607,1913,"SN,FG,BR,HZ","0.25","4.7","0",28.82,29.78,7.9,27,40,22,40
"04-09-2016",32,23,28,-17,37,0,58,14,23,606,1915,"SN,FZFG,BR,UP,FG","0.02","0.2","4",29.13,30.15,9.4,29,20,21,20
"04-10-2016",41,27,34,-11.4,31,0,80,26,30,604,1916,"RA,FZRA,SN,BR,HZ","0.57","0.7","T",29.08,30,13.8,31,160,25,160
"04-11-2016",53,34,44,-1.8,21,0,70,35,41,602,1917,"RA,BR,HZ","0.03","0.0","0",28.88,29.86,13.1,37,300,29,290
"04-12-2016",47,30,38,-8.2,27,0,57,24,33,601,1918,"","0.00","0.0","0",29.3,30.3,7.1,22,320,17,350
"04-13-2016",53,29,41,-5.6,24,0,55,27,36,559,1919,"","0.00","0.0","0",29.41,30.38,6.9,18,150,15,140
"04-14-2016",60,31,46,-1,19,0,51,28,38,557,1920,"","0.00","0.0","0",29.38,30.34,6.5,19,100,15,90
"04-15-2016",70,33,52,4.6,13,0,47,31,43,556,1921,"","0.00","0.0","0",29.34,30.3,5.6,20,120,15,140
"04-16-2016",76,40,58,10.3,7,0,40,34,48,554,1923,"","0.00","0.0","0",29.41,30.36,6.1,19,160,13,120
"04-17-2016",78,41,60,11.9,5,0,41,36,50,552,1924,"","0.00","0.0","0",29.46,30.4,2.9,12,110,9,110
"04-18-2016",81,50,66,17.5,0,1,43,42,53,551,1925,"","0.00","0.0","0",29.35,30.28,7.1,25,50,18,50
"04-19-2016",62,43,52,3.1,13,0,62,37,44,549,1926,"RA","0.01","0.0","0",29.34,30.3,10,25,40,18,50
"04-20-2016",68,45,56,6.8,9,0,38,30,45,548,1927,"","T","0.0","0",29.25,30.17,10,25,140,20,130
"04-21-2016",62,48,55,5.4,10,0,85,50,52,546,1928,"RA,BR","0.25","0.0","0",28.96,29.87,6.9,22,200,16,200
"04-22-2016",57,41,49,-0.9,16,0,86,48,50,545,1929,"RA,FG,BR","T","0.0","0",29.01,29.98,8.2,18,20,15,40
"04-23-2016",58,34,46,-4.3,19,0,56,31,40,543,1931,"","0.00","0.0","0",29.23,30.18,5.7,20,40,13,40
"04-24-2016",68,40,54,3.4,11,0,46,33,45,542,1932,"","0.00","0.0","0",29.12,30.04,8.1,20,130,15,140
"04-25-2016",79,46,62,11,3,0,55,43,51,540,1933,"TS,RA,BR","0.20","0.0","0",28.89,29.79,10.4,37,310,28,310
"04-26-2016",51,36,44,-7.3,21,0,88,40,41,539,1934,"TS,RA,FG,BR","0.02","0.0","0",28.9,29.86,9.5,24,40,18,60
"04-27-2016",60,33,46,-5.7,19,0,51,29,39,537,1935,"","0.00","0.0","0",29.04,29.99,10.1,27,60,21,70
"04-28-2016",47,38,42,-10,23,0,70,31,38,536,1936,"RA,BR","0.31","0.0","0",29.05,30,9.2,20,80,15,70
"04-29-2016",51,40,46,-6.3,19,0,75,37,41,534,1937,"RA","0.02","0.0","0",29.15,30.11,6.1,17,50,14,40
"04-30-2016",56,36,46,-6.6,19,0,73,38,43,533,1939,"RA,BR","0.43","0.0","0",29.17,30.1,8.1,24,120,16,50
"05-01-2016",51,43,47,-6,18,0,90,43,45,532,1940,"RA,BR","0.06","0.0","0",29.05,30,10.3,22,70,17,70
"05-02-2016",55,42,48,-5.3,17,0,80,41,45,530,1941,"RA,BR","0.37","0.0","0",29.08,30.03,6.1,21,30,16,20
"05-03-2016",66,36,51,-2.6,14,0,55,37,46,529,1942,"RA,BR","0.02","0.0","0",28.95,29.87,6.8,22,240,18,250
"05-04-2016",54,47,50,-3.9,15,0,83,45,48,528,1943,"TS,RA,BR","0.43","0.0","0",28.68,29.62,9.6,27,60,20,50
"05-05-2016",67,45,56,1.8,9,0,70,44,49,526,1944,"","0.00","0.0","0",28.94,29.89,8.2,24,30,17,30
"05-06-2016",72,41,56,1.5,9,0,55,40,49,525,1945,"","0.00","0.0","0",28.98,29.9,2.5,14,250,10,240
"05-07-2016",72,47,60,5.1,5,0,50,41,51,524,1946,"","T","0.0","0",28.77,29.7,8.8,28,330,21,330
"05-08-2016",67,37,52,-3.2,13,0,42,31,44,523,1948,"","0.00","0.0","0",28.97,29.92,8.2,40,270,24,270
"05-09-2016",67,37,52,-3.5,13,0,49,35,45,521,1949,"","0.00","0.0","0",29.11,30.07,7.1,23,120,16,150
"05-10-2016",54,48,51,-4.8,14,0,75,42,47,520,1950,"RA,BR","0.54","0.0","0",29.15,30.09,10.7,29,110,24,110
"05-11-2016",68,49,58,1.9,7,0,77,52,55,519,1951,"BR","0.00","0.0","0",29.15,30.08,5.5,17,90,13,100
"05-12-2016",73,56,64,7.6,1,0,85,58,60,518,1952,"TS,RA,FG,BR","0.62","0.0","0",29,29.91,9,25,280,20,290
"05-13-2016",64,50,57,0.3,8,0,69,46,51,517,1953,"RA","0.05","0.0","0",28.95,29.88,12.4,32,260,24,270
"05-14-2016",50,39,44,-13,21,0,72,35,40,516,1954,"RA,BR","0.56","0.0","0",28.87,29.84,13.8,36,300,26,300
"05-15-2016",48,33,40,-17.4,25,0,61,28,35,515,1955,"SN","T","T","0",29.08,30.06,10.9,32,290,24,300
"05-16-2016",68,38,53,-4.7,12,0,51,36,46,514,1956,"RA","0.01","0.0","0",29.14,30.09,13.4,37,110,26,260
"05-17-2016",64,45,54,-4,11,0,60,40,48,513,1957,"","T","0.0","0",29.25,30.19,7.3,17,30,13,40
"05-18-2016",66,38,52,-6.3,13,0,53,35,45,512,1958,"","0.00","0.0","0",29.28,30.23,5.8,22,40,16,30
"05-19-2016",71,40,56,-2.7,9,0,51,38,48,511,1959,"","0.00","0.0","0",29.26,30.2,2.2,15,10,10,320
"05-20-2016",70,43,56,-3,9,0,50,40,50,510,2000,"","0.00","0.0","0",29.24,30.18,5.6,19,50,14,50
"05-21-2016",74,51,62,2.7,3,0,52,43,52,509,2001,"","0.00","0.0","0",29.13,30.06,6.2,22,50,17,360
"05-22-2016",70,48,59,-0.6,6,0,53,43,52,509,2002,"","0.00","0.0","0",29.1,30.04,6.7,24,40,18,30
"05-23-2016",78,42,60,0,5,0,44,39,50,508,2003,"","0.00","0.0","0",29.1,30.03,2.4,14,190,10,200
"05-24-2016",84,49,66,5.7,0,1,43,46,57,507,2004,"","0.00","0.0","0",29.07,29.99,6.9,27,220,18,230
"05-25-2016",85,64,74,13.3,0,9,54,57,64,506,2005,"","0.00","0.0","0",29.07,29.99,8.8,22,210,15,170
"05-26-2016",84,63,74,13,0,9,71,63,67,506,2006,"TS,RA,BR","0.19","0.0","0",29,29.92,10.2,28,190,22,260
"05-27-2016",85,63,74,12.7,0,9,67,63,67,505,2007,"","0.00","0.0","0",29.01,29.93,6.3,22,190,17,230
"05-28-2016",86,67,76,14.3,0,11,68,63,68,504,2007,"RA,TS","0.13","0.0","0",29.05,29.97,9.7,37,200,28,210
"05-29-2016",84,64,74,12,0,9,64,61,66,504,2008,"RA","0.01","0.0","0",29.05,29.97,12.3,36,250,26,270
"05-30-2016",83,60,72,9.6,0,7,58,55,62,503,2009,"","0.00","0.0","0",29.06,29.98,6.6,23,280,16,310
"05-31-2016",83,53,68,5.3,0,3,56,52,59,503,2010,"","0.00","0.0","0",29.1,30.03,4.7,24,200,13,30
"06-01-2016",80,59,70,6.9,0,5,63,56,61,502,2011,"","T","0.0","0",29.07,29.98,5.6,21,130,16,150
"06-02-2016",80,57,68,4.6,0,3,57,52,60,502,2011,"","0.00","0.0","0",29.05,29.99,8.3,28,260,22,240
"06-03-2016",81,51,66,2.2,0,1,58,51,58,501,2012,"","0.00","0.0","0",29.11,30.05,2.8,13,260,10,320
"06-04-2016",83,57,70,5.9,0,5,68,57,62,501,2013,"RA,BR","0.07","0.0","0",28.97,29.85,8.7,27,180,22,160
"06-05-2016",70,60,65,0.5,0,0,77,58,61,501,2013,"TS,RA,BR","0.16","0.0","0",28.69,29.6,11.9,34,260,26,260
"06-06-2016",80,55,68,3.2,0,3,61,51,57,500,2014,"RA","0.01","0.0","0",28.7,29.63,12.7,38,270,31,270
"06-07-2016",63,48,56,-9.2,9,0,74,48,52,500,2015,"","0.00","0.0","0",28.82,29.77,10.5,23,300,17,290
"06-08-2016",69,45,57,-8.5,8,0,56,40,49,500,2015,"","0.00","0.0","0",29,29.96,8.7,27,290,18,300
"06-09-2016",71,44,58,-7.8,7,0,59,45,52,500,2016,"","T","0.0","0",29.1,30.04,3.5,23,230,18,230
"06-10-2016",86,54,70,3.8,0,5,57,57,63,500,2016,"","0.00","0.0","0",29.05,29.98,7.7,20,230,15,200
"06-11-2016",91,71,81,14.5,0,16,54,62,68,459,2017,"","0.00","0.0","0",28.97,29.89,12.1,32,260,24,260
"06-12-2016",81,56,68,1.2,0,3,40,40,54,459,2017,"","0.00","0.0","0",29.13,30.08,8.4,22,310,16,330
"06-13-2016",72,50,61,-6.1,4,0,60,48,54,459,2018,"RA","0.03","0.0","0",29.13,30.05,4.8,15,140,12,40
"06-14-2016",76,60,68,0.6,0,3,55,50,57,459,2018,"","0.00","0.0","0",29.05,29.97,9.3,23,140,20,130
"06-15-2016",87,62,74,6.3,0,9,64,58,64,459,2019,"TS,RA","0.03","0.0","0",28.9,29.79,6.4,20,150,17,140
"06-16-2016",71,62,66,-2,0,1,85,62,64,459,2019,"RA,BR","0.28","0.0","0",28.82,29.76,7.5,24,10,17,360
"06-17-2016",87,53,70,1.7,0,5,56,53,61,459,2019,"","0.00","0.0","0",29.1,30.05,4.3,21,110,15,100
"06-18-2016",90,56,73,4.5,0,8,48,52,61,500,2020,"","0.00","0.0","0",29.28,30.21,2.4,15,180,10,180
"06-19-2016",91,61,76,7.2,0,11,46,54,64,500,2020,"","0.00","0.0","0",29.28,30.2,6.6,23,230,17,220
"06-20-2016",90,65,78,8.9,0,13,56,62,68,500,2020,"TS,RA","T","0.0","0",29.08,29.99,14.4,37,260,28,260
"06-21-2016",81,53,67,-2.3,0,2,49,48,57,500,2020,"","0.00","0.0","0",29.01,29.92,8.1,32,280,23,290
"06-22-2016",84,54,69,-0.5,0,4,51,51,60,500,2020,"","0.00","0.0","0",28.97,29.89,3.5,17,280,13,280
"06-23-2016",78,59,68,-1.8,0,3,58,52,59,501,2021,"RA","T","0.0","0",28.96,29.9,7.5,25,60,20,50
"06-24-2016",85,53,69,-1,0,4,43,46,57,501,2021,"","0.00","0.0","0",29.14,30.08,3.5,16,90,13,80
"06-25-2016",89,60,74,3.8,0,9,44,51,62,501,2021,"","0.00","0.0","0",29.18,30.1,6.8,18,170,14,200
"06-26-2016",87,70,78,7.7,0,13,63,63,68,502,2021,"RA","0.01","0.0","0",29.07,29.98,10.7,27,270,22,270
"06-27-2016",90,65,78,7.5,0,13,54,57,65,502,2021,"","0.00","0.0","0",29.05,29.97,11.8,37,250,28,250
"06-28-2016",70,52,61,-9.7,4,0,66,50,55,503,2021,"","0.00","0.0","0",29.14,30.08,5.8,16,320,13,290
"06-29-2016",80,46,63,-7.8,2,0,51,44,54,503,2021,"","0.00","0.0","0",29.15,30.08,3.9,16,250,12,300
"06-30-2016",82,51,66,-5,0,1,47,46,56,504,2020,"","T","0.0","0",29.08,30,4.2,21,260,16,220
"07-01-2016",74,52,63,-8.1,2,0,65,52,57,504,2020,"RA,FG,BR","0.30","0.0","0",29.03,29.98,8.3,26,320,20,310
"07-02-2016",79,49,64,-7.2,1,0,56,47,55,505,2020,"","0.00","0.0","0",29.2,30.14,4,17,310,13,290
"07-03-2016",80,50,65,-6.3,0,0,51,48,57,505,2020,"","0.00","0.0","0",29.16,30.09,4.2,17,150,14,170
"07-04-2016",83,51,67,-4.4,0,2,59,55,61,506,2020,"","0.00","0.0","0",29.01,29.91,6.3,25,150,16,160
"07-05-2016",86,65,76,4.5,0,11,64,62,67,507,2019,"BR,HZ","0.00","0.0","0",28.95,29.87,7.8,24,290,20,260
"07-06-2016",88,67,78,6.5,0,13,63,62,67,507,2019,"","0.00","0.0","0",28.91,29.82,8.3,24,250,18,270
"07-07-2016",89,64,76,4.4,0,11,71,63,67,508,2019,"TS,RA,BR","0.42","0.0","0",28.92,29.82,4.6,32,270,26,300
"07-08-2016",90,66,78,6.4,0,13,69,64,68,509,2018,"TS,RA,FG,BR,HZ","0.73","0.0","0",28.87,29.78,8.6,63,270,48,280
"07-09-2016",80,62,71,-0.7,0,6,65,57,62,509,2018,"","0.00","0.0","0",28.97,29.92,8.5,23,300,18,300
"07-10-2016",83,56,70,-1.7,0,5,61,56,62,510,2017,"","0.00","0.0","0",29.11,30.04,2.3,16,270,12,300
"07-11-2016",86,63,74,2.3,0,9,62,62,67,511,2017,"RA","T","0.0","0",29.1,30,6.1,19,150,15,200
"07-12-2016",92,68,80,8.3,0,15,66,65,69,512,2016,"TS,RA,BR","0.27","0.0","0",28.97,29.88,12.3,48,300,36,300
"07-13-2016",87,69,78,6.3,0,13,76,68,71,512,2015,"TS,RA,BR","0.15","0.0","0",28.97,29.86,9.1,29,210,22,240
"07-14-2016",85,69,77,5.3,0,12,59,60,66,513,2015,"","0.00","0.0","0",28.88,29.8,14.1,35,260,28,240
"07-15-2016",77,62,70,-1.7,0,5,72,59,62,514,2014,"RA","T","0.0","0",29,29.95,8.6,21,290,16,290
"07-16-2016",77,56,66,-5.7,0,1,63,52,58,515,2013,"","0.00","0.0","0",29.18,30.11,4.4,14,270,10,290
"07-17-2016",87,53,70,-1.7,0,5,63,58,63,516,2013,"","0.00","0.0","0",29.12,30.04,12.4,36,180,30,190
"07-18-2016",86,66,76,4.3,0,11,58,60,67,517,2012,"","T","0.0","0",29.15,30.09,9.7,34,220,24,230
"07-19-2016",84,62,73,1.4,0,8,58,57,64,518,2011,"","T","0.0","0",29.28,30.21,5.6,19,10,14,10
"07-20-2016",91,62,76,4.4,0,11,54,59,66,519,2010,"","0.00","0.0","0",29.26,30.19,5.4,17,170,12,180
"07-21-2016",89,68,78,6.4,0,13,74,67,71,519,2009,"TS,RA,BR","0.41","0.0","0",29.15,30.03,10,40,320,30,300
"07-22-2016",91,73,82,10.5,0,17,65,68,73,520,2009,"","0.00","0.0","0",29.03,29.96,9.6,23,270,18,240
"07-23-2016",94,66,80,8.5,0,15,61,64,70,521,2008,"BR","0.00","0.0","0",29.05,29.97,3.5,15,140,12,140
"07-24-2016",87,70,78,6.5,0,13,79,70,73,522,2007,"TS,RA,BR","0.88","0.0","0",29,29.91,9.4,32,220,25,220
"07-25-2016",87,67,77,5.6,0,12,62,65,70,523,2006,"","0.00","0.0","0",29,29.93,8.9,22,270,17,270
"07-26-2016",87,61,74,2.6,0,9,64,62,67,524,2005,"","0.00","0.0","0",29.1,30.02,3.4,23,310,12,280
"07-27-2016",89,64,76,4.7,0,11,66,62,67,525,2004,"","0.00","0.0","0",29.07,29.98,4.9,32,360,24,360
"07-28-2016",86,63,74,2.7,0,9,73,63,67,526,2003,"TS,RA","0.04","0.0","0",29.01,29.92,5.5,29,350,21,350
"07-29-2016",79,64,72,0.8,0,7,69,60,64,527,2001,"RA","T","0.0","0",29.05,29.97,8.1,27,350,20,30
"07-30-2016",71,63,67,-4.2,0,2,84,62,64,528,2000,"TS,RA,BR","0.15","0.0","0",29.06,30,7.4,18,40,14,50
"07-31-2016",79,64,72,0.9,0,7,79,63,65,529,1959,"BR","0.00","0.0","0",29.1,30.03,4.9,15,320,12,20
"08-01-2016",84,59,72,0.9,0,7,66,59,64,530,1958,"BR","0.00","0.0","0",29.15,30.09,2.7,15,10,9,30
"08-02-2016",87,62,74,3,0,9,72,64,68,532,1957,"BR","0.00","0.0","0",29.16,30.09,2.9,12,50,10,70
"08-03-2016",92,64,78,7,0,13,60,63,68,533,1956,"","0.00","0.0","0",29.14,30.05,2.7,14,170,12,170
"08-04-2016",93,67,80,9.1,0,15,50,59,67,534,1954,"","0.00","0.0","0",29.07,29.97,5.7,20,230,14,180
"08-05-2016",90,66,78,7.1,0,13,62,64,69,535,1953,"","0.00","0.0","0",28.93,29.84,10.1,25,300,18,310
"08-06-2016",85,60,72,1.2,0,7,61,57,63,536,1952,"","0.00","0.0","0",29,29.93,5.3,19,270,13,290
"08-07-2016",83,59,71,0.3,0,6,59,55,61,537,1950,"","0.00","0.0","0",29.11,30.05,5,17,310,14,10
"08-08-2016",85,54,70,-0.7,0,5,57,53,60,538,1949,"","0.00","0.0","0",29.15,30.08,4.5,23,70,13,50
"08-09-2016",90,57,74,3.4,0,9,59,59,65,539,1948,"","0.00","0.0","0",29.1,30.02,3.7,21,250,15,220
"08-10-2016",93,63,78,7.5,0,13,58,62,68,540,1946,"","0.00","0.0","0",29.15,30.06,2.7,17,280,14,280
"08-11-2016",94,69,82,11.5,0,17,66,69,73,541,1945,"RA","T","0.0","0",29.06,29.95,8.5,24,250,21,250
"08-12-2016",91,74,82,11.6,0,17,82,72,74,542,1943,"TS,RA,BR","1.08","0.0","0",28.92,29.84,6.1,30,280,21,280
"08-13-2016",86,70,78,7.7,0,13,80,70,73,543,1942,"TS,RA,BR","0.88","0.0","0",28.87,29.79,10.4,27,250,22,260
"08-14-2016",83,66,74,3.8,0,9,75,65,68,544,1941,"FG,BR","0.00","0.0","0",29.08,30.02,3.6,14,250,10,260
"08-15-2016",82,63,72,1.9,0,7,78,65,68,545,1939,"RA,BR","1.34","0.0","0",29.18,30.11,3.8,18,140,15,150
"08-16-2016",83,69,76,6,0,11,77,66,69,547,1938,"RA,BR","1.76","0.0","0",29.05,29.97,9.2,23,190,18,210
"08-17-2016",84,66,75,5.1,0,10,78,65,68,548,1936,"TS,RA,BR","0.20","0.0","0",29.13,30.05,7.1,31,330,25,320
"08-18-2016",84,62,73,3.2,0,8,71,64,67,549,1934,"BR","0.00","0.0","0",29.13,30.04,4.6,15,220,12,200
"08-19-2016",82,68,75,5.3,0,10,75,66,69,550,1933,"BR","0.00","0.0","0",29,29.9,8,21,250,17,240
"08-20-2016",82,67,74,4.4,0,9,80,67,69,551,1931,"RA,BR","0.58","0.0","0",28.8,29.7,10.1,28,200,22,270
"08-21-2016",73,59,66,-3.4,0,1,75,57,61,552,1930,"","0.09","0.0","0",28.87,29.84,10.2,31,310,23,290
"08-22-2016",78,53,66,-3.3,0,1,65,53,58,553,1928,"","0.00","0.0","0",29.21,30.16,4.4,18,250,13,240
"08-23-2016",80,57,68,-1.1,0,3,64,56,62,554,1927,"","0.00","0.0","0",29.29,30.22,7,21,200,17,220
"08-24-2016",82,63,72,3.1,0,7,77,65,68,555,1925,"BR","T","0.0","0",29.11,30.02,10,26,180,21,190
"08-25-2016",83,63,73,4.2,0,8,78,67,69,556,1923,"TS,RA,BR","0.10","0.0","0",29.05,29.98,9.1,21,250,16,270
"08-26-2016",82,61,72,3.4,0,7,70,60,64,557,1922,"","0.00","0.0","0",29.18,30.13,4.1,20,270,14,260
"08-27-2016",78,62,70,1.6,0,5,85,65,66,558,1920,"TS,RA,BR","0.38","0.0","0",29.18,30.11,6.4,28,310,22,320
"08-28-2016",84,67,76,7.9,0,11,77,67,70,559,1918,"BR","0.00","0.0","0",29.23,30.17,4.9,21,280,13,290
"08-29-2016",85,61,73,5.1,0,8,74,64,67,601,1917,"BR,HZ","0.00","0.0","0",29.31,30.24,2.6,14,100,10,110
"08-30-2016",83,69,76,8.3,0,11,77,66,68,602,1915,"TS,RA,BR","0.05","0.0","0",29.2,30.11,5.5,18,260,15,270
"08-31-2016",77,61,69,1.6,0,4,72,61,65,603,1913,"TS,RA,BR,HZ","0.17","0.0","0",29.1,30.02,6.9,19,20,14,50
"09-01-2016",73,56,64,-3.2,1,0,71,54,58,604,1911,"","0.00","0.0","0",29.2,30.15,8,23,10,17,10
"09-02-2016",74,51,62,-4.9,3,0,70,52,57,605,1910,"","0.00","0.0","0",29.32,30.26,6.3,19,40,15,60
"09-03-2016",77,49,63,-3.6,2,0,72,53,57,606,1908,"","0.00","0.0","0",29.3,30.24,2.5,13,100,9,140
"09-04-2016",79,50,64,-2.3,1,0,68,55,59,607,1906,"FG,BR","0.00","0.0","0",29.29,30.23,4.2,16,130,13,210
"09-05-2016",85,60,72,6,0,7,65,61,66,608,1905,"","0.00","0.0","0",29.23,30.15,7.7,23,180,18,190
"09-06-2016",90,73,82,16.3,0,17,70,70,73,609,1903,"","0.00","0.0","0",29.15,30.05,10.6,23,240,20,210
"09-07-2016",86,70,78,12.7,0,13,82,71,73,610,1901,"TS,RA,BR","0.23","0.0","0",29.07,29.97,5.4,21,300,16,310
"09-08-2016",80,67,74,9,0,9,85,69,71,611,1859,"RA,BR","0.27","0.0","0",28.92,29.85,9.7,28,280,23,260
"09-09-2016",80,65,72,7.4,0,7,83,67,68,612,1857,"RA,FG,BR","0.04","0.0","0",29.03,29.95,3.4,13,190,10,140
"09-10-2016",73,58,66,1.7,0,1,82,61,64,613,1856,"RA,BR,HZ","0.22","0.0","0",28.9,29.83,10.7,39,270,32,260
"09-11-2016",72,53,62,-1.9,3,0,66,50,55,615,1854,"","0.00","0.0","0",29.21,30.17,4.3,12,310,9,260
"09-12-2016",76,54,65,1.5,0,0,64,52,58,616,1852,"","0.00","0.0","0",29.21,30.14,7.9,23,170,16,190
"09-13-2016",82,57,70,6.9,0,5,72,59,63,617,1850,"TS","0.00","0.0","0",29.13,30.06,7.4,27,100,16,230
"09-14-2016",73,56,64,1.3,1,0,70,53,58,618,1849,"RA","0.03","0.0","0",29.28,30.23,6,17,360,14,360
"09-15-2016",73,49,61,-1.3,4,0,67,49,54,619,1847,"","0.00","0.0","0",29.33,30.26,3.8,23,60,14,70
"09-16-2016",79,53,66,4.1,0,1,67,56,61,620,1845,"","0.00","0.0","0",29.15,30.06,9.4,21,180,16,150
"09-17-2016",78,64,71,9.5,0,6,83,64,66,621,1843,"RA,BR","0.64","0.0","0",28.98,29.9,8.6,20,220,16,250
"09-18-2016",78,57,68,6.9,0,3,77,59,62,622,1841,"BR","0.00","0.0","0",29.03,29.97,4.2,18,290,14,280
"09-19-2016",83,53,68,7.3,0,3,64,55,61,623,1840,"BR","0.00","0.0","0",29.1,30.03,6.2,21,200,17,200
"09-20-2016",82,57,70,9.7,0,5,60,54,61,624,1838,"RA","T","0.0","0",29.21,30.15,3.2,18,310,14,310
"09-21-2016",81,54,68,8.2,0,3,80,60,63,625,1836,"TS,RA,FG,BR","0.05","0.0","0",29.23,30.17,4.1,36,290,28,290
"09-22-2016",83,61,72,12.6,0,7,74,62,66,626,1834,"FG,BR","0.00","0.0","0",29.15,30.07,3.6,15,220,13,220
"09-23-2016",71,58,64,5,1,0,82,59,61,628,1832,"FG,BR,HZ","0.00","0.0","0",29.16,30.11,7.5,22,10,18,10
"09-24-2016",69,51,60,1.4,5,0,71,49,54,629,1831,"","0.00","0.0","0",29.29,30.24,6.7,18,60,14,60
"09-25-2016",75,49,62,3.9,3,0,62,49,55,630,1829,"","0.00","0.0","0",29.21,30.11,8.7,24,150,18,150
"09-26-2016",68,51,60,2.3,5,0,65,49,55,631,1827,"RA,BR","0.18","0.0","0",28.95,29.88,12,35,250,29,250
"09-27-2016",66,50,58,0.7,7,0,59,42,50,632,1825,"RA","T","0.0","0",28.84,29.77,12.4,36,250,28,260
"09-28-2016",66,48,57,0.1,8,0,77,49,52,633,1824,"RA","0.02","0.0","0",28.97,29.93,8.3,23,50,18,60
"09-29-2016",61,55,58,1.5,7,0,90,56,57,634,1822,"RA,BR","1.22","0.0","0",29.21,30.17,12.4,27,50,20,50
"09-30-2016",61,58,60,3.9,5,0,90,56,57,635,1820,"TS,RA,BR","0.45","0.0","0",29.23,30.16,10.3,22,40,17,20
"10-01-2016",68,50,59,3.3,6,0,85,54,56,636,1818,"TS,RA,BR","0.24","0.0","0",29.11,30.04,7,24,190,18,190
"10-02-2016",69,50,60,4.8,5,0,82,52,55,637,1817,"FG,BR,HZ","0.00","0.0","0",29.08,30.03,3.4,12,260,8,320
"10-03-2016",67,51,59,4.1,6,0,85,54,56,639,1815,"FG,BR","T","0.0","0",29.16,30.11,3.7,13,140,9,160
"10-04-2016",74,49,62,7.5,3,0,75,53,57,640,1813,"BR,HZ","0.00","0.0","0",29.21,30.15,8.2,22,150,17,120
"10-05-2016",80,60,70,15.9,0,5,77,59,62,641,1811,"TS,RA,FG,BR","0.62","0.0","0",29.13,30.05,9.9,43,260,33,260
"10-06-2016",79,56,68,14.3,0,3,82,62,64,642,1810,"RA,FG,BR","0.01","0.0","0",29.2,30.13,4.8,18,180,15,180
"10-07-2016",82,50,66,12.7,0,1,69,55,60,643,1808,"RA","T","0.0","0",29.12,30.06,12.4,32,280,25,270
"10-08-2016",58,41,50,-2.9,15,0,66,37,43,644,1806,"RA","0.00","0.0","0",29.25,30.22,9.2,29,270,24,270
"10-09-2016",61,37,49,-3.6,16,0,69,37,43,645,1805,"","0.00","0.0","0",29.41,30.38,2.5,16,350,12,20
"10-10-2016",64,37,50,-2.2,15,0,68,41,46,647,1803,"","0.00","0.0","0",29.44,30.39,6.2,16,150,13,150
"10-11-2016",71,51,61,9.1,4,0,62,47,53,648,1801,"","0.00","0.0","0",29.3,30.22,9.4,21,170,15,170
"10-12-2016",73,50,62,10.5,3,0,74,52,55,649,1800,"TS,RA,BR","0.44","0.0","0",29.05,29.99,11.2,44,240,30,240
"10-13-2016",57,38,48,-3.2,17,0,71,38,44,650,1758,"","0.00","0.0","0",29.28,30.25,6.3,22,320,16,320
"10-14-2016",62,34,48,-2.8,17,0,69,38,44,651,1756,"","0.00","0.0","0",29.36,30.3,5.5,18,160,14,150
"10-15-2016",70,46,58,7.5,7,0,75,51,55,653,1755,"BR","0.00","0.0","0",29.13,30.06,12,26,210,21,210
"10-16-2016",68,62,65,14.8,0,0,88,61,62,654,1753,"TS,RA,BR","1.01","0.0","0",29.02,29.93,8.1,30,210,24,210
"10-17-2016",77,63,70,20.2,0,5,76,62,65,655,1751,"RA,BR","T","0.0","0",28.82,29.7,12.4,34,210,25,190
"10-18-2016",77,51,64,14.5,1,0,70,58,62,656,1750,"","0.00","0.0","0",28.72,29.67,14.6,36,210,28,260
"10-19-2016",72,47,60,10.8,5,0,71,48,53,657,1748,"BR","0.01","0.0","0",29.13,30.08,3.3,21,230,13,290
"10-20-2016",56,49,52,3.1,13,0,80,48,51,659,1747,"RA","T","0.0","0",29.14,30.08,7.1,21,360,16,360
"10-21-2016",51,41,46,-2.6,19,0,65,35,41,700,1745,"","T","0.0","0",29.13,30.08,8.8,23,20,16,10
"10-22-2016",55,35,45,-3.2,20,0,67,35,41,701,1744,"","0.00","0.0","0",29.08,30.04,8.6,25,290,20,290
"10-23-2016",68,40,54,6.1,11,0,67,43,48,702,1742,"BR","0.00","0.0","0",28.98,29.93,7,24,360,17,20
"10-24-2016",55,36,46,-1.6,19,0,65,36,42,703,1741,"","0.00","0.0","0",29.29,30.28,8.6,23,320,17,300
"10-25-2016",54,31,42,-5.3,23,0,70,32,37,705,1739,"","0.00","0.0","0",29.48,30.45,2.7,17,310,13,290
"10-26-2016",40,34,37,-10,28,0,86,34,36,706,1738,"RA,BR","0.62","T","0",29.4,30.33,10.4,29,110,24,100
"10-27-2016",45,34,40,-6.7,25,0,87,38,40,707,1737,"RA,BR","0.15","0.0","0",29.16,30.14,6.4,19,350,14,330
"10-28-2016",58,31,44,-2.3,21,0,75,40,44,708,1735,"BR","0.00","0.0","0",29.24,30.17,9.5,28,210,22,200
"10-29-2016",70,54,62,16,3,0,76,55,58,710,1734,"BR","0.00","0.0","0",28.97,29.91,12.7,33,220,23,220
"10-30-2016",54,37,46,0.3,19,0,79,40,44,711,1732,"RA","0.10","0.0","0",29.17,30.14,6.3,18,350,14,360
"10-31-2016",54,30,42,-3.4,23,0,73,35,40,712,1731,"BR","0.00","0.0","0",29.23,30.17,7.7,23,150,17,150
"11-01-2016",77,48,62,17,3,0,66,52,NA,713,1730,"","T","0.0","0",29,NA,10.4,26,160,21,250
"11-02-2016",64,53,58,13.3,7,0,83,56,NA,715,1729,"TS,RA,FG,BR","1.35","0.0","0",29.18,NA,4.6,18,320,16,320
"11-03-2016",58,45,52,7.6,13,0,80,47,NA,716,1727,"RA,BR","0.20","0.0","0",29.21,NA,6.4,21,350,16,350
"11-04-2016",57,35,46,2,19,0,72,38,NA,717,1726,"BR","0.00","0.0","0",29.42,NA,5.7,15,280,13,280
"11-05-2016",67,40,54,10.3,11,0,69,43,NA,719,1725,"BR","0.00","0.0","0",29.35,NA,7.7,19,260,16,280
"11-06-2016",68,34,51,7.7,14,0,67,39,NA,720,1724,"FG,BR,HZ","0.00","0.0","0",29.41,NA,2.9,12,180,9,170
"11-07-2016",67,39,53,10.1,12,0,68,41,NA,721,1723,"FG,BR","0.00","0.0","0",29.39,NA,3.5,17,180,14,180
"11-08-2016",59,44,52,9.4,13,0,73,43,NA,722,1721,"RA","T","0.0","0",29.19,NA,10.2,27,340,20,250
"11-09-2016",56,40,48,5.8,17,0,59,34,NA,724,1720,"","0.00","0.0","0",29.26,NA,8.8,25,20,18,360
"11-10-2016",64,40,52,10.2,13,0,53,35,NA,725,1719,"","0.00","0.0","0",29.06,NA,14.8,37,240,29,250
"11-11-2016",54,31,42,0.6,23,0,54,29,NA,726,1718,"","0.00","0.0","0",29.21,NA,9.2,28,10,21,30
"11-12-2016",49,25,37,-4.1,28,0,63,26,NA,727,1717,"","0.00","0.0","0",29.43,NA,7.1,21,260,17,260
"11-13-2016",57,35,46,5.3,19,0,55,28,NA,729,1716,"","0.00","0.0","0",29.18,NA,13.2,27,220,21,230
"11-14-2016",58,39,48,7.7,17,0,59,33,NA,730,1715,"","0.00","0.0","0",29,NA,8.3,20,220,15,210
"11-15-2016",60,36,48,8.1,17,0,72,40,NA,731,1715,"BR,HZ","0.00","0.0","0",28.94,NA,5.1,23,290,17,280
"11-16-2016",57,35,46,6.5,19,0,75,40,NA,732,1714,"FG,BR,HZ","0.00","0.0","0",28.97,NA,3.9,15,260,13,250
"11-17-2016",65,35,50,10.9,15,0,70,42,NA,734,1713,"BR,HZ","0.00","0.0","0",29,NA,11.1,27,180,22,160
"11-18-2016",72,48,60,21.3,5,0,66,49,NA,735,1712,"TS,RA,BR","0.30","0.0","0",28.9,NA,13.9,44,210,33,220
"11-19-2016",48,31,40,1.8,25,0,71,27,NA,736,1711,"SN,UP,HZ","T","T","0",28.95,NA,19.2,39,310,29,310
"11-20-2016",32,28,30,-7.8,35,0,59,18,NA,737,1711,"","0.00","T","0",29.21,NA,14.7,32,320,24,300
"11-21-2016",38,24,31,-6.4,34,0,59,17,NA,739,1710,"","0.00","0.0","0",29.26,NA,9.8,26,320,20,320
"11-22-2016",40,20,30,-7,35,0,66,19,NA,740,1709,"","0.00","0.0","0",29.36,NA,3.3,12,20,9,20
"11-23-2016",38,25,32,-4.6,33,0,78,30,NA,741,1709,"RA,FZRA,BR,UP","0.50","T","0",29.22,NA,9.8,23,120,17,110
"11-24-2016",44,38,41,4.8,24,0,88,38,NA,742,1708,"RA,BR","0.05","0.0","0",29.11,NA,8.6,21,260,16,270
"11-25-2016",41,37,39,3.3,26,0,83,35,NA,743,1708,"RA,BR","0.04","0.0","0",29.27,NA,9.3,16,240,13,250
"11-26-2016",40,32,36,0.7,29,0,77,31,NA,744,1707,"","0.00","0.0","0",29.29,NA,8.4,22,260,17,260
"11-27-2016",46,30,38,3.1,27,0,81,32,NA,746,1707,"BR,HZ","0.00","0.0","0",29.15,NA,6.9,17,200,13,200
"11-28-2016",50,37,44,9.5,21,0,78,38,NA,747,1706,"RA,BR","0.49","0.0","0",28.78,NA,16.1,40,160,30,160
"11-29-2016",58,47,52,17.9,13,0,67,42,NA,748,1706,"TS,RA,HZ","0.23","0.0","0",28.58,NA,13.5,49,160,36,160
"11-30-2016",52,37,44,10.3,21,0,76,38,NA,749,1705,"BR","T","0.0","0",28.66,NA,9.8,30,250,24,250
"12-01-2016",42,35,38,4.7,27,0,82,33,36,750,1705,"RA,BR","0.01","T","0",28.77,29.76,12.8,27,210,20,250
"12-02-2016",39,35,37,4.1,28,0,72,28,33,751,1705,"RA","T","0.0","0",29.1,30.11,11.2,26,290,21,310
"12-03-2016",37,35,36,3.5,29,0,73,28,32,752,1705,"","T","T","0",29.33,30.31,6.2,15,260,13,270
"12-04-2016",37,32,34,1.9,31,0,77,27,32,753,1705,"SN,FG,BR","0.36","2.5","0",29.17,30.1,5.9,18,140,15,140
"12-05-2016",39,27,33,1.3,32,0,83,29,32,754,1704,"SN,BR","T","T","2",29.03,30.01,8.6,22,260,16,220
"12-06-2016",42,23,32,0.7,33,0,80,29,32,755,1704,"BR","0.00","0.0","T",28.9,29.85,9.2,29,260,23,250
"12-07-2016",38,30,34,3.1,31,0,62,21,29,756,1704,"","0.00","0.0","0",29.01,29.99,17.1,35,260,25,270
"12-08-2016",30,25,28,-2.6,37,0,75,19,24,757,1704,"SN,BR","0.04","1.0","0",29.19,30.14,16.7,34,250,26,260
"12-09-2016",30,23,26,-4.2,39,0,75,19,24,758,1704,"SN,BR","0.01","0.2","1",29.41,30.4,10.2,22,270,17,290
"12-10-2016",26,20,23,-6.9,42,0,78,17,21,759,1704,"SN,BR","0.04","1.1","1",29.46,30.44,8.6,21,260,17,260
"12-11-2016",30,22,26,-3.5,39,0,86,22,24,759,1704,"SN,FZFG,BR,FG","0.55","7.4","4",29.11,30.08,10.3,23,150,17,160
"12-12-2016",34,22,28,-1.2,37,0,76,23,27,800,1705,"SN,BR","0.04","T","10",28.91,29.94,13.8,33,260,26,260
"12-13-2016",27,9,18,-10.9,47,0,75,12,17,801,1705,"SN,BR,HZ","0.02","0.2","9",29.11,30.1,10.8,27,260,22,270
"12-14-2016",21,9,15,-13.5,50,0,72,8,13,802,1705,"SN,BR,UP,HZ","0.05","1.4","8",29.05,30.06,16.7,39,290,30,280
"12-15-2016",17,3,10,-18.2,55,0,68,0,7,803,1705,"SN,UP","T","T","7",29.24,30.29,11.3,32,270,28,260
"12-16-2016",18,7,12,-15.9,53,0,69,4,11,803,1706,"SN","0.20","1.6","5",29.26,30.2,9.4,20,140,17,140
"12-17-2016",26,16,21,-6.7,44,0,81,16,20,804,1706,"FZRA,SN,FZFG,BR,UP,HZ,FG","0.06","0.6","7",28.77,29.74,4.1,26,90,14,140
"12-18-2016",21,8,14,-13.4,51,0,71,8,14,804,1706,"SN,BR","T","T","6",29.21,30.29,8.1,21,340,16,340
"12-19-2016",14,8,11,-16.1,54,0,57,-1,9,805,1707,"SN","T","T","5",29.65,30.65,11.5,24,200,20,210
"12-20-2016",31,9,20,-6.8,45,0,49,5,17,806,1707,"","0.00","0.0","5",29.25,30.21,17.3,42,210,33,240
"12-21-2016",33,20,26,-0.6,39,0,75,20,25,806,1708,"BR,HZ","0.00","0.0","5",29.11,30.07,9.7,35,110,18,150
"12-22-2016",39,29,34,7.6,31,0,71,26,31,807,1708,"","0.00","0.0","5",29.15,30.17,11,22,260,18,260
"12-23-2016",36,27,32,5.9,33,0,75,25,29,807,1709,"RA,FZRA,BR,UP,HZ","0.08","T","4",29.28,30.23,9.6,24,150,15,220
"12-24-2016",38,34,36,10.1,29,0,83,31,33,807,1710,"RA,SN,BR,UP","0.07","T","4",29.18,30.19,7.3,17,190,15,190
"12-25-2016",36,33,34,8.3,31,0,80,29,32,808,1710,"RA,BR","0.05","0.0","3",29.48,30.45,12,29,140,22,110
"12-26-2016",55,34,44,18.5,21,0,79,38,42,808,1711,"RA,BR,UP","0.18","0.0","T",29.03,29.95,19.8,48,250,35,250
"12-27-2016",34,27,30,4.7,35,0,71,20,26,808,1712,"","0.00","T","0",29.05,30.04,16.5,44,270,33,270
"12-28-2016",39,26,32,6.9,33,0,66,22,29,809,1712,"","0.00","0.0","0",29.07,30,10.3,29,150,24,160
"12-29-2016",38,29,34,9.1,31,0,71,25,31,809,1713,"SN","T","0.1","0",28.75,29.72,16.7,37,260,29,270
"12-30-2016",30,26,28,3.2,37,0,64,17,25,809,1714,"SN","T","T","0",28.95,29.92,14,30,290,23,260
"12-31-2016",43,28,36,11.4,29,0,56,21,30,809,1715,"","0.00","0.0","0",28.7,29.66,16.4,35,240,26,250
